,SampleID,bdload,Axis.1,Axis.2,Axis.3,Row.names.x,Comment,SampleIDLibPrepBac,TubeID,SampleType,ExperimentSegment,FINAL.EXPERIMENT.DAY,I7_Index_IDBac,indexBac,I5_Index_IDBac,index2Bac,Original.sample.conc.Bac,BacPool,FrogID,Treatment,TreatmentD118,X2ndBdExp,Date,Bacteria,TubeID..bacteria,TubeID...fungi,SampleID.1,I7_Index_ID,index,I5_Index_ID,index2,Original.sample.conc.fungi,Pool.fungi,Fungi,S.obs,S.chao1,se.chao1.x,S.ACE,se.ACE.x,sample_sums.g16F4.,Row.names.y,S.obs_rare,S.chao1_rare,se.chao1.y,S.ACE_rare,se.ACE.y,sample_sums.g16F4Rare.,Row.names,S.obs_anti,S.chao1_anti,se.chao1,S.ACE_anti,se.ACE,sample_sums.g16Anti.,AntiBdRA,Tgroup,day_fact
1,day-1-E1-21-UVC,0.00,0.044100125,-0.254295543,-0.081749144,day-1-E1-21-UVC,,1F16S01,21UVC (5/17),Frog,E1,day-1-E1,R939-1S-01,TAAGGCGA,F515Y-01-F,CTAAGCCT,15.4,16S_01,21-UVC,UVC,UVC+UV,No,(5/17),BACTERIA,21UVC (5/17),1FITS05,21UVC (5/17),ITS4R-04-01,AGTATGCC,ITS86F-05-F,AAGTGCAG,2.46,ITS_5,FUNGI,93,94.42857143,1.93428495,95.06082691,4.686651812,3119,day-1-E1-21-UVC,93,96,3.18257339,95.75648831,4.802838098,2514,day-1-E1-21-UVC,5,5,0,5,1.095445115,113,0.04494829,Unvaccinated,day-1-E1
2,day-1-E1-22-UVC,0.00,0.146676615,-0.234300917,-0.139798991,day-1-E1-22-UVC,,1B16S01,22UVC (5/17),Frog,E1,day-1-E1,R939-1S-01,TAAGGCGA,F515Y-01-B,TATCCTCT,14.7,16S_01,22-UVC,UVC,UVC+UV,No,(5/17),BACTERIA,22UVC (5/17),1BITS05,22UVC (5/17),ITS4R-04-01,AGTATGCC,ITS86F-05-B,AGGATAGC,2.17,ITS_5,FUNGI,99,100.2,1.840193516,100.0716127,4.903787908,2834,day-1-E1-22-UVC,98,98.375,0.826311817,98.788488,4.931242583,2514,day-1-E1-22-UVC,5,5,0,5,1.095445115,50,0.019888624,Unvaccinated,day-1-E1
3,day-1-E1-23-UVC,0.00,0.112023663,0.026712996,0.404938679,day-1-E1-23-UVC,,4E16S01,23UVC (5/17),Frog,E1,day-1-E1,R939-1S-04,TCCTGAGC,F515Y-01-E,AAGGAGTA,39,16S_01,23-UVC,UVC,UVC+UV,No,(5/17),BACTERIA,23UVC (5/17),4EITS05,23UVC (5/17),ITS4R-04-04,TCCACGTT,ITS86F-05-E,GGCGAATA,6.09,ITS_5,FUNGI,145,146.9090909,2.157050944,147.7511151,5.873498184,4383,day-1-E1-23-UVC,141,143.75,2.477884189,145.9640896,5.935885204,2514,day-1-E1-23-UVC,4,4,0,4,0.866025404,35,0.013922037,Unvaccinated,day-1-E1
4,day-1-E1-24-UVC,0.00,-0.034733242,0.395362592,-0.168767261,day-1-E1-24-UVC,,2B16S01,24UVC (5/17),Frog,E1,day-1-E1,R939-1S-02,CGTACTAG,F515Y-01-B,TATCCTCT,54,16S_01,24-UVC,UVC,UVC+UV,No,(5/17),BACTERIA,24UVC (5/17),2BITS05,24UVC (5/17),ITS4R-04-02,TACTGCTC,ITS86F-05-B,AGGATAGC,3.23,ITS_5,FUNGI,170,187,10.99415521,180.3191684,6.398432663,11328,day-1-E1-24-UVC,142,148.84,4.363266768,153.7340638,6.054428647,2514,day-1-E1-24-UVC,4,4,0,4,0.866025404,36,0.014319809,Unvaccinated,day-1-E1
5,day-1-E1-25-UVC,0.00,-0.037549399,-0.186247851,0.048963468,day-1-E1-25-UVC,,1A16S01,25UVC (5/17),Frog,E1,day-1-E1,R939-1S-01,TAAGGCGA,F515Y-01-A,CTCTCTAT,5.08,16S_01,25-UVC,UVC,UVC+UV,No,(5/17),BACTERIA,25UVC (5/17),1AITS05,25UVC (5/17),ITS4R-04-01,AGTATGCC,ITS86F-05-A,AAGCATCG,2.2,ITS_5,FUNGI,127,131.6666667,4.491715908,129.8787227,5.497557426,3589,day-1-E1-25-UVC,124,126.3333333,2.55322649,126.1399781,5.504620873,2514,day-1-E1-25-UVC,3,3,0,3,1.49E-08,17,0.006762132,Unvaccinated,day-1-E1
6,day-1-E1-27-UVC,0.00,0.303691403,-0.042941333,0.0824251,day-1-E1-27-UVC,,1E16S01,27UVC (5/17),Frog,E1,day-1-E1,R939-1S-01,TAAGGCGA,F515Y-01-E,AAGGAGTA,21.6,16S_01,27-UVC,UVC,UVC+UV,No,(5/17),BACTERIA,27UVC (5/17),1EITS05,27UVC (5/17),ITS4R-04-01,AGTATGCC,ITS86F-05-E,GGCGAATA,1.71,ITS_5,FUNGI,83,87.2,4.338801995,86.3320378,4.48565776,4084,day-1-E1-27-UVC,81,85,3.889407538,84.53158204,4.51043454,2514,day-1-E1-27-UVC,4,4,0,4,0.866025404,29,0.011535402,Unvaccinated,day-1-E1
7,day-1-E1-30-UVC,0.00,-0.032830235,0.1105627,0.016554627,day-1-E1-30-UVC,,2G16S01,30UVC (5/17),Frog,E1,day-1-E1,R939-1S-02,CGTACTAG,F515Y-01-G,CGTCTAAT,18.9,16S_01,30-UVC,UVC,UVC+UV,No,(5/17),BACTERIA,30UVC (5/17),2GITS05,30UVC (5/17),ITS4R-04-02,TACTGCTC,ITS86F-05-G,GCAATTCC,4.14,ITS_5,FUNGI,173,194,11.89319607,184.7741687,6.601034487,4077,day-1-E1-30-UVC,162,170.0526316,5.152789563,171.2123799,6.396371835,2514,day-1-E1-30-UVC,8,8,0,8,1.224744871,128,0.050914877,Unvaccinated,day-1-E1
8,day-1-E1-32-UTA,0.00,-0.47324208,0.02324609,0.090726135,day-1-E1-32-UTA,,2A16S01,32UTA (5/17),Frog,E1,day-1-E1,R939-1S-02,CGTACTAG,F515Y-01-A,CTCTCTAT,22.1,16S_01,32-UTA,UTA,UTA,No,(5/17),BACTERIA,32UTA (5/17),2AITS05,32UTA (5/17),ITS4R-04-02,TACTGCTC,ITS86F-05-A,AAGCATCG,2.29,ITS_5,FUNGI,160,175.1666667,10.85873149,165.8603473,6.133648015,10713,day-1-E1-32-UTA,140,151.0526316,6.448403091,151.369802,5.696676049,2514,day-1-E1-32-UTA,6,6,0.456435465,6.402008422,1.012221831,62,0.024661893,Untreated Control,day-1-E1
9,day-1-E1-33-UTA,0.00,-0.258931839,-0.072708616,0.062894249,day-1-E1-33-UTA,,2E16S01,33UTA (5/17),Frog,E1,day-1-E1,R939-1S-02,CGTACTAG,F515Y-01-E,AAGGAGTA,55,16S_01,33-UTA,UTA,UTA,No,(5/17),BACTERIA,33UTA (5/17),2EITS05,33UTA (5/17),ITS4R-04-02,TACTGCTC,ITS86F-05-E,GGCGAATA,4.75,ITS_5,FUNGI,230,251.1111111,12.60833431,240.1311551,7.33054853,19547,day-1-E1-33-UTA,180,206.8965517,11.18832711,213.1330092,7.244079192,2514,day-1-E1-33-UTA,7,8,2.236067977,8.641025641,1.352868924,48,0.019093079,Untreated Control,day-1-E1
10,day-1-E1-36-UTA,0.00,-0.068219285,-0.059730093,-0.12366537,day-1-E1-36-UTA,,4B16S01,36UTA (5/17),Frog,E1,day-1-E1,R939-1S-04,TCCTGAGC,F515Y-01-B,TATCCTCT,42.8,16S_01,36-UTA,UTA,UTA,No,(5/17),BACTERIA,36UTA (5/17),4BITS05,36UTA (5/17),ITS4R-04-04,TCCACGTT,ITS86F-05-B,AGGATAGC,4.68,ITS_5,FUNGI,148,150.1,2.335018357,150.7117077,5.933587754,4038,day-1-E1-36-UTA,144,148.5882353,3.574831766,149.7106363,6.030791012,2514,day-1-E1-36-UTA,7,7,0,7,1.195228609,217,0.086316627,Untreated Control,day-1-E1
11,day-1-E1-38-UTA,0.00,0.213605164,0.225890559,0.136225433,day-1-E1-38-UTA,,1G16S01,38UTA (5/17)),Frog,E1,day-1-E1,R939-1S-01,TAAGGCGA,F515Y-01-G,CGTCTAAT,11.1,16S_01,38-UTA,UTA,UTA,No,(5/17)),BACTERIA,38UTA (5/17)),1GITS05,38UTA (5/17)),ITS4R-04-01,AGTATGCC,ITS86F-05-G,GCAATTCC,2.01,ITS_5,FUNGI,82,89,7.1142364,84.97307639,4.476187316,3142,day-1-E1-38-UTA,81,83.625,2.827144534,84.29135648,4.536142191,2514,day-1-E1-38-UTA,6,6,0.456435465,6.610147252,1.093219538,55,0.021877486,Untreated Control,day-1-E1
12,day-1-E1-40-UTA,0.00,0.08540911,0.068449417,-0.328746926,day-1-E1-40-UTA,,2D16S01,40UTA (5/17),Frog,E1,day-1-E1,R939-1S-02,CGTACTAG,F515Y-01-D,ACTGCATA,22,16S_01,40-UTA,UTA,UTA,No,(5/17),BACTERIA,40UTA (5/17),2DITS05,40UTA (5/17),ITS4R-04-02,TACTGCTC,ITS86F-05-D,TTCACGGA,2.44,ITS_5,FUNGI,117,123,5.3886549,120.214953,5.378890655,3168,day-1-E1-40-UTA,113,116.1111111,3.101167812,115.4177169,5.106790062,2514,day-1-E1-40-UTA,4,4,0,4,1,51,0.020286396,Untreated Control,day-1-E1
13,day46-E1-21-UVC,0.00,-0.139107096,-0.111997728,0.157720243,day46-E1-21-UVC,,3C16S01,21UVC (7/3),Frog,E1,day46-E1,R939-1S-03,AGGCAGAA,F515Y-01-C,GTAAGGAG,42.1,16S_01,21-UVC,UVC,UVC+UV,No,(7/3),BACTERIA,21UVC (7/3),3CITS05,21UVC (7/3),ITS4R-04-03,TGCTTGCT,ITS86F-05-C,GGCTCAAT,3.63,ITS_5,FUNGI,95,98.75,4.207330713,97.36463192,4.818283331,3051,day46-E1-21-UVC,94,97,3.418355546,96.02032739,4.813210062,2514,day46-E1-21-UVC,5,5,0,5,1.095445115,95,0.037788385,Unvaccinated,day46-E1
14,day46-E1-23-UVC,0.00,-0.285681362,0.049208227,-0.034704497,day46-E1-23-UVC,,3E16S01,23UVC (7/3),Frog,E1,day46-E1,R939-1S-03,AGGCAGAA,F515Y-01-E,AAGGAGTA,52,16S_01,23-UVC,UVC,UVC+UV,No,(7/3),BACTERIA,23UVC (7/3),3EITS05,23UVC (7/3),ITS4R-04-03,TGCTTGCT,ITS86F-05-E,GGCGAATA,4.62,ITS_5,FUNGI,96,101,6.035169204,97.34746925,4.596116814,4952,day46-E1-23-UVC,92,93.42857143,1.934275721,93.73957136,4.773677733,2514,day46-E1-23-UVC,10,10,0.474341649,10.38582122,1.564662375,230,0.091487669,Unvaccinated,day46-E1
15,day46-E1-26-UVC,0.00,-0.290264429,0.218388961,-0.028003844,day46-E1-26-UVC,,2C16S01,26UVC (7/3),Frog,E1,day46-E1,R939-1S-02,CGTACTAG,F515Y-01-C,GTAAGGAG,55,16S_01,26-UVC,UVC,UVC+UV,No,(7/3),BACTERIA,26UVC (7/3),2CITS05,26UVC (7/3),ITS4R-04-02,TACTGCTC,ITS86F-05-C,GGCTCAAT,4.07,ITS_5,FUNGI,210,216,4.699510554,215.1485232,6.951594887,17798,day46-E1-26-UVC,165,184.84,9.259984027,189.1526592,6.775739782,2514,day46-E1-26-UVC,11,11,0.238365647,11.57407407,1.510992814,256,0.101829753,Unvaccinated,day46-E1
16,day46-E1-28-UVC,0.00,-0.264300778,-0.106002788,-0.103918447,day46-E1-28-UVC,,3D16S01,28UVC (7/3),Frog,E1,day46-E1,R939-1S-03,AGGCAGAA,F515Y-01-D,ACTGCATA,40,16S_01,28-UVC,UVC,UVC+UV,No,(7/3),BACTERIA,28UVC (7/3),3DITS05,28UVC (7/3),ITS4R-04-03,TGCTTGCT,ITS86F-05-D,TTCACGGA,3.37,ITS_5,FUNGI,92,96.2,4.339095204,94.65170211,4.764889966,2514,day46-E1-28-UVC,92,96.2,4.339095204,94.65170211,4.764889966,2514,day46-E1-28-UVC,7,7,0,7,1.195228609,282,0.112171838,Unvaccinated,day46-E1
17,day46-E1-29-UVC,0.00,-0.101191792,-0.249152191,-0.182350925,day46-E1-29-UVC,,2H16S01,29UVC (7/3),Frog,E1,day46-E1,R939-1S-02,CGTACTAG,F515Y-01-H,TCTCTCCG,58,16S_01,29-UVC,UVC,UVC+UV,No,(7/3),BACTERIA,29UVC (7/3),2HITS05,29UVC (7/3),ITS4R-04-02,TACTGCTC,ITS86F-05-H,CTTCGCAA,2.88,ITS_5,FUNGI,205,224.4285714,12.65039389,212.8892423,6.874593585,9312,day46-E1-29-UVC,176,211.0625,16.00297109,197.9107976,6.850804513,2514,day46-E1-29-UVC,10,10,0.237170825,10.57468531,1.623841816,92,0.036595068,Unvaccinated,day46-E1
18,day46-E1-31-UTA,0.00,0.034065258,0.079571064,0.331443606,day46-E1-31-UTA,,3H16S01,31UTA (7/3),Frog,E1,day46-E1,R939-1S-03,AGGCAGAA,F515Y-01-H,TCTCTCCG,41.2,16S_01,31-UTA,UTA,UTA,No,(7/3),BACTERIA,31UTA (7/3),3HITS05,31UTA (7/3),ITS4R-04-03,TGCTTGCT,ITS86F-05-H,CTTCGCAA,4.69,ITS_5,FUNGI,137,146,8.04674512,140.2612569,5.534226352,5689,day46-E1-31-UTA,130,136.6666667,4.567052421,139.580998,5.861267922,2514,day46-E1-31-UTA,6,6,0,6,1.154700538,84,0.033412888,Untreated Control,day46-E1
19,day46-E1-33-UTA,0.00,0.189277652,-0.199252901,0.155089508,day46-E1-33-UTA,,4F16S01,33UTA (7/3),Frog,E1,day46-E1,R939-1S-04,TCCTGAGC,F515Y-01-F,CTAAGCCT,37.9,16S_01,33-UTA,UTA,UTA,No,(7/3),BACTERIA,33UTA (7/3),4FITS05,33UTA (7/3),ITS4R-04-04,TCCACGTT,ITS86F-05-F,AAGTGCAG,4.61,ITS_5,FUNGI,247,262,8.656650189,256.7490468,7.798346307,12339,day46-E1-33-UTA,197,220.4333333,10.02462766,221.9686821,7.055050065,2514,day46-E1-33-UTA,8,8,0,8,1.369306394,100,0.039777247,Untreated Control,day46-E1
20,day46-E1-34-UTA,0.00,0.003432747,-0.19076538,-0.15893111,day46-E1-34-UTA,,4G16S01,34UTA (7/3),Frog,E1,day46-E1,R939-1S-04,TCCTGAGC,F515Y-01-G,CGTCTAAT,42.7,16S_01,34-UTA,UTA,UTA,No,(7/3),BACTERIA,34UTA (7/3),4GITS05,34UTA (7/3),ITS4R-04-04,TCCACGTT,ITS86F-05-G,GCAATTCC,12.1,ITS_5,FUNGI,159,163.2,4.340261298,161.1575343,6.106063278,10204,day46-E1-34-UTA,144,173.0769231,14.6404417,162.2098846,6.103066968,2514,day46-E1-34-UTA,8,8,0.467707173,8.545189504,1.225594047,182,0.07239459,Untreated Control,day46-E1
21,day46-E1-36-UTA,0.00,0.283041672,-0.235004032,0.143776981,day46-E1-36-UTA,,4D16S01,36UTA (7/3),Frog,E1,day46-E1,R939-1S-04,TCCTGAGC,F515Y-01-D,ACTGCATA,42.2,16S_01,36-UTA,UTA,UTA,No,(7/3),BACTERIA,36UTA (7/3),4DITS05,36UTA (7/3),ITS4R-04-04,TCCACGTT,ITS86F-05-D,TTCACGGA,4.14,ITS_5,FUNGI,163,179.5,12.90573919,167.5310773,6.071995542,11770,day46-E1-36-UTA,138,150.8333333,7.269830187,150.5051193,5.860796827,2514,day46-E1-36-UTA,6,6,0,6,0.912870929,35,0.013922037,Untreated Control,day46-E1
22,day46-E1-37-UTA,0.00,0.313167358,0.089739334,-0.275127546,day46-E1-37-UTA,,4C16S01,37UTA (7/3),Frog,E1,day46-E1,R939-1S-04,TCCTGAGC,F515Y-01-C,GTAAGGAG,38.6,16S_01,37-UTA,UTA,UTA,No,(7/3),BACTERIA,37UTA (7/3),4CITS05,37UTA (7/3),ITS4R-04-04,TCCACGTT,ITS86F-05-C,GGCTCAAT,4.85,ITS_5,FUNGI,163,185.75,16.70221298,172.5145256,5.818202604,14245,day46-E1-37-UTA,147,176,14.31452427,167.520524,6.336920359,2514,day46-E1-37-UTA,6,6,0.456435465,6.408646338,1.204781548,90,0.035799523,Untreated Control,day46-E1
23,day46-E1-39-UTA,0.00,0.223470065,0.318790294,-0.192654936,day46-E1-39-UTA,,1D16S01,39UTA (7/3),Frog,E1,day46-E1,R939-1S-01,TAAGGCGA,F515Y-01-D,ACTGCATA,24.6,16S_01,39-UTA,UTA,UTA,No,(7/3),BACTERIA,39UTA (7/3),1DITS05,39UTA (7/3),ITS4R-04-01,AGTATGCC,ITS86F-05-D,TTCACGGA,1.7,ITS_5,FUNGI,124,148,16.42081737,134.5990389,5.707950594,4963,day46-E1-39-UTA,113,118.0769231,4.036272401,119.174479,5.379650359,2514,day46-E1-39-UTA,6,6,0,6,1.154700538,162,0.064439141,Untreated Control,day46-E1
24,day46-E1-40-UTA,0.00,0.034090707,0.33647714,0.187660967,day46-E1-40-UTA,,1H16S01,40UTA (7/3),Frog,E1,day46-E1,R939-1S-01,TAAGGCGA,F515Y-01-H,TCTCTCCG,15.2,16S_01,40-UTA,UTA,UTA,No,(7/3),BACTERIA,40UTA (7/3),1HITS05,40UTA (7/3),ITS4R-04-01,AGTATGCC,ITS86F-05-H,CTTCGCAA,2.46,ITS_5,FUNGI,110,111.5,2.231033036,111.0719113,5.049995688,4829,day46-E1-40-UTA,105,106.5,1.874992958,107.0862262,5.076058467,2514,day46-E1-40-UTA,7,7,0,7,1.195228609,200,0.079554495,Untreated Control,day46-E1
25,day118-E1-01-UV,0.00,0.207608934,-0.038570729,-0.240069618,day118-E1-01-UV,,7A16S01,01UV (9/13),Frog,E1,day118-E1,R939-1S-07,CTCTCTAC,F515Y-01-A,CTCTCTAT,14.2,16S_01,01-UV,UV,UVC+UV,Yes,(9/13),BACTERIA,01UV (9/13),7AITS05,01UV (9/13),ITS4R-04-07,ATAGTCGG,ITS86F-05-A,AAGCATCG,6.8,ITS_5,FUNGI,139,140.4285714,1.934567366,140.4703462,5.731478751,5857,day118-E1-01-UV,131,136.5714286,4.241265712,137.0042733,5.710501655,2514,day118-E1-01-UV,9,10,2.258317958,9.856282204,1.344896948,81,0.03221957,Unvaccinated,day118-E1
26,day118-E1-02-UV,0.00,0.125586494,-0.093680137,-0.019280205,day118-E1-02-UV,,8A16S01,02UV (9/13),Frog,E1,day118-E1,R939-1S-08,CGAGGCTG,F515Y-01-A,CTCTCTAT,6.21,16S_01,02-UV,UV,UVC+UV,Yes,(9/13),BACTERIA,02UV (9/13),8AITS05,02UV (9/13),ITS4R-04-08,CCATGAAC,ITS86F-05-A,AAGCATCG,5.23,ITS_5,FUNGI,201,222,14.75003894,206.7963747,6.928304648,7533,day118-E1-02-UV,185,196.5,6.307642461,196.7204758,6.550927184,2514,day118-E1-02-UV,14,14,0,14,1.8516402,204,0.081145585,Unvaccinated,day118-E1
27,day118-E1-03-UV,0.00,0.259617838,0.022354793,-0.181980489,day118-E1-03-UV,,9A16S01,03UV (9/13),Frog,E1,day118-E1,R939-1S-09,AAGAGGCA,F515Y-01-A,CTCTCTAT,14.9,16S_01,03-UV,UV,UVC+UV,Yes,(9/13),BACTERIA,03UV (9/13),9AITS05,03UV (9/13),ITS4R-04-09,GAGCAATC,ITS86F-05-A,AAGCATCG,8.31,ITS_5,FUNGI,131,134,3.182973522,133.4854911,5.602347513,4242,day118-E1-03-UV,127,130,2.863585199,130.2129965,5.53421073,2514,day118-E1-03-UV,6,6,0,6,1.224744871,95,0.037788385,Unvaccinated,day118-E1
28,day118-E1-04-UV,0.00,0.213295857,0.107249301,0.08005186,day118-E1-04-UV,,10A16S01,04UV (9/13),Frog,E1,day118-E1,R939-1S-10,GTAGAGGA,F515Y-01-A,CTCTCTAT,11.6,16S_01,04-UV,UV,UVC+UV,Yes,(9/13),BACTERIA,04UV (9/13),10AITS05,04UV (9/13),ITS4R-04-10,CAACTTGG,ITS86F-05-A,AAGCATCG,7.78,ITS_5,FUNGI,129,129.9090909,1.346636462,130.7217629,5.555719239,3735,day118-E1-04-UV,125,136.375,8.084281189,131.8738014,5.640938811,2514,day118-E1-04-UV,7,7,0,7,0.9258201,119,0.047334924,Unvaccinated,day118-E1
29,day118-E1-05-UV,0.00,0.171935526,-0.16165968,-0.193624324,day118-E1-05-UV,,11A16S01,05UV (9/13),Frog,E1,day118-E1,R939-1S-11,GCTCATGA,F515Y-01-A,CTCTCTAT,9.68,16S_01,05-UV,UV,UVC+UV,Yes,(9/13),BACTERIA,05UV (9/13),11AITS05,05UV (9/13),ITS4R-04-11,CCACAACA,ITS86F-05-A,AAGCATCG,4.45,ITS_5,FUNGI,126,127,1.449667353,127.8578545,5.570530818,4872,day118-E1-05-UV,117,118.75,1.919939655,119.8708411,5.325386694,2514,day118-E1-05-UV,10,10,0,10,1.549193338,255,0.101431981,Unvaccinated,day118-E1
30,day118-E1-07-UV,0.00,0.112033856,-0.096413211,-0.21997994,day118-E1-07-UV,,8F16S01,07UV (9/13),Frog,E1,day118-E1,R939-1S-08,CGAGGCTG,F515Y-01-F,CTAAGCCT,52,16S_01,07-UV,UV,UVC+UV,Yes,(9/13),BACTERIA,07UV (9/13),8FITS05,07UV (9/13),ITS4R-04-08,CCATGAAC,ITS86F-05-F,AAGTGCAG,5.22,ITS_5,FUNGI,258,275.1428571,11.4686509,265.0796632,7.36925076,21290,day118-E1-07-UV,199,221.5,9.889075141,220.1494927,6.634243506,2514,day118-E1-07-UV,11,11.33333333,0.916839952,12.45292497,1.596637675,59,0.023468576,Unvaccinated,day118-E1
31,day118-E1-08-UV,0.00,0.213836777,0.009499493,0.034489867,day118-E1-08-UV,,7F16S01,08UV (9/13),Frog,E1,day118-E1,R939-1S-07,CTCTCTAC,F515Y-01-F,CTAAGCCT,38.9,16S_01,08-UV,UV,UVC+UV,Yes,(9/13),BACTERIA,08UV (9/13),7FITS05,08UV (9/13),ITS4R-04-07,ATAGTCGG,ITS86F-05-F,AAGTGCAG,2.85,ITS_5,FUNGI,217,234.1,10.4122128,226.6331508,7.138883663,10805,day118-E1-08-UV,186,196.7142857,5.814193606,200.5556555,6.79010319,2514,day118-E1-08-UV,11,11,0.158910432,11.44118128,1.379264963,93,0.03699284,Unvaccinated,day118-E1
32,day118-E1-09-UV,0.00,0.237984673,0.004569455,0.016669277,day118-E1-09-UV,,7B16S01,09UV (9/13),Frog,E1,day118-E1,R939-1S-07,CTCTCTAC,F515Y-01-B,TATCCTCT,48.6,16S_01,09-UV,UV,UVC+UV,Yes,(9/13),BACTERIA,09UV (9/13),7BITS05,09UV (9/13),ITS4R-04-07,ATAGTCGG,ITS86F-05-B,AGGATAGC,3.96,ITS_5,FUNGI,168,186,16.15184375,171.0003839,6.189897426,7271,day118-E1-09-UV,157,166,5.705442128,165.607745,6.192072654,2514,day118-E1-09-UV,12,12.5,1.281600562,13.31408799,1.79691049,133,0.052903739,Unvaccinated,day118-E1
33,day118-E1-10-UV,0.00,0.181895094,-0.014088692,0.013354522,day118-E1-10-UV,,8B16S01,10UV (9/13),Frog,E1,day118-E1,R939-1S-08,CGAGGCTG,F515Y-01-B,TATCCTCT,47.9,16S_01,10-UV,UV,UVC+UV,Yes,(9/13),BACTERIA,10UV (9/13),8BITS05,10UV (9/13),ITS4R-04-08,CCATGAAC,ITS86F-05-B,AGGATAGC,4.65,ITS_5,FUNGI,200,210.9090909,7.245624126,207.8432836,6.819144701,9939,day118-E1-10-UV,174,193.375,9.187990794,193.6937289,6.648412118,2514,day118-E1-10-UV,11,11,0,11,1.59544807,160,0.063643596,Unvaccinated,day118-E1
34,day118-E1-11-UV,0.00,-0.269963875,-0.349678877,0.121263926,day118-E1-11-UV,,9B16S01,11UV (9/13),Frog,E1,day118-E1,R939-1S-09,AAGAGGCA,F515Y-01-B,TATCCTCT,26.9,16S_01,11-UV,UV,UVC+UV,Yes,(9/13),BACTERIA,11UV (9/13),9BITS05,11UV (9/13),ITS4R-04-09,GAGCAATC,ITS86F-05-B,AGGATAGC,4.93,ITS_5,FUNGI,170,177.8571429,6.33608879,173.489224,6.466155401,8013,day118-E1-11-UV,150,173.0769231,12.2328178,163.9928274,6.095668856,2514,day118-E1-11-UV,15,16,2.291287847,16.22857143,1.810831228,578,0.22991249,Unvaccinated,day118-E1
35,day118-E1-12-UV,0.00,0.227550014,0.03119759,-0.026668905,day118-E1-12-UV,,10B16S01,12UV (9/13),Frog,E1,day118-E1,R939-1S-10,GTAGAGGA,F515Y-01-B,TATCCTCT,45.6,16S_01,12-UV,UV,UVC+UV,Yes,(9/13),BACTERIA,12UV (9/13),10BITS05,12UV (9/13),ITS4R-04-10,CAACTTGG,ITS86F-05-B,AGGATAGC,5.95,ITS_5,FUNGI,202,205,3.183323582,204.2141911,6.394300397,13538,day118-E1-12-UV,181,195.5,7.090705857,198.8378694,6.661426112,2514,day118-E1-12-UV,9,9,0.15713484,9.337881154,1.294327659,51,0.020286396,Unvaccinated,day118-E1
36,day118-E1-13-UV,0.00,0.067928405,0.129716303,0.073277248,day118-E1-13-UV,,11B16S01,13UV (9/13),Frog,E1,day118-E1,R939-1S-11,GCTCATGA,F515Y-01-B,TATCCTCT,44.1,16S_01,13-UV,UV,UVC+UV,Yes,(9/13),BACTERIA,13UV (9/13),11BITS05,13UV (9/13),ITS4R-04-11,CCACAACA,ITS86F-05-B,AGGATAGC,4.41,ITS_5,FUNGI,170,173.2727273,3.086907525,173.0988241,6.331313363,10008,day118-E1-13-UV,150,160.5,6.024034153,163.8796119,6.188670625,2514,day118-E1-13-UV,9,9,0,9,1.490711985,195,0.077565632,Unvaccinated,day118-E1
37,day118-E1-14-UV,0.00,0.058437138,-0.211337694,0.148804753,day118-E1-14-UV,,10H16S01,14UV (9/13),Frog,E1,day118-E1,R939-1S-10,GTAGAGGA,F515Y-01-H,TCTCTCCG,45.7,16S_01,14-UV,UV,UVC+UV,Yes,(9/13),BACTERIA,14UV (9/13),10HITS05,14UV (9/13),ITS4R-04-10,CAACTTGG,ITS86F-05-H,CTTCGCAA,4.92,ITS_5,FUNGI,264,278.4375,8.146557261,275.9579728,7.905660609,13065,day118-E1-14-UV,214,251.4347826,15.24555805,242.8169399,7.554233764,2514,day118-E1-14-UV,10,10,0.118585412,10.55880661,1.509846898,79,0.031424025,Unvaccinated,day118-E1
38,day118-E1-15-UV,0.00,0.125242707,-0.14660192,-0.21305055,day118-E1-15-UV,,8G16S01,15UV (9/13),Frog,E1,day118-E1,R939-1S-08,CGAGGCTG,F515Y-01-G,CGTCTAAT,52,16S_01,15-UV,UV,UVC+UV,Yes,(9/13),BACTERIA,15UV (9/13),8GITS05,15UV (9/13),ITS4R-04-08,CCATGAAC,ITS86F-05-G,GCAATTCC,3.46,ITS_5,FUNGI,265,292.1428571,16.50645257,273.7767213,7.813994675,33578,day118-E1-15-UV,184,241.0333333,19.65092353,242.1713822,7.921116951,2514,day118-E1-15-UV,6,6,0.456435465,6.784,1.22356183,269,0.107000796,Unvaccinated,day118-E1
39,day118-E1-16-UV,0.00,0.122154424,-0.153432916,0.081339036,day118-E1-16-UV,,7G16S01,16UV (9/13),Frog,E1,day118-E1,R939-1S-07,CTCTCTAC,F515Y-01-G,CGTCTAAT,45.5,16S_01,16-UV,UV,UVC+UV,Yes,(9/13),BACTERIA,16UV (9/13),7GITS05,16UV (9/13),ITS4R-04-07,ATAGTCGG,ITS86F-05-G,GCAATTCC,2.83,ITS_5,FUNGI,164,170.875,5.56595842,168.4148125,6.38259606,6861,day118-E1-16-UV,146,159.1538462,7.993640035,154.9013382,5.831671721,2514,day118-E1-16-UV,8,9,2.248456261,9.655954631,1.521129573,57,0.022673031,Unvaccinated,day118-E1
40,day118-E1-17-UV,0.00,0.212395346,0.030903312,-0.067453663,day118-E1-17-UV,,7C16S01,17UV (9/13),Frog,E1,day118-E1,R939-1S-07,CTCTCTAC,F515Y-01-C,GTAAGGAG,49.1,16S_01,17-UV,UV,UVC+UV,Yes,(9/13),BACTERIA,17UV (9/13),7CITS05,17UV (9/13),ITS4R-04-07,ATAGTCGG,ITS86F-05-C,GGCTCAAT,3.84,ITS_5,FUNGI,171,176.6,5.347590645,173.6768377,6.260905394,9806,day118-E1-17-UV,151,158.4347826,4.69283565,160.6413563,6.028258947,2514,day118-E1-17-UV,12,12,0,12,1.707825128,449,0.178599841,Unvaccinated,day118-E1
41,day118-E1-18-UV,0.00,0.066261277,-0.050779678,0.227814923,day118-E1-18-UV,,8C16S01,18UV (9/13),Frog,E1,day118-E1,R939-1S-08,CGAGGCTG,F515Y-01-C,GTAAGGAG,54,16S_01,18-UV,UV,UVC+UV,Yes,(9/13),BACTERIA,18UV (9/13),8CITS05,18UV (9/13),ITS4R-04-08,CCATGAAC,ITS86F-05-C,GGCTCAAT,5.47,ITS_5,FUNGI,195,205.5,7.207234808,201.8727643,6.695420387,9819,day118-E1-18-UV,165,173.2608696,5.046925105,175.7697896,6.466014901,2514,day118-E1-18-UV,7,7,0,7,1.195228609,64,0.025457438,Unvaccinated,day118-E1
42,day118-E1-19-UV,0.00,0.053933102,-0.30780675,0.049648661,day118-E1-19-UV,,9C16S01,19UV (9/13),Frog,E1,day118-E1,R939-1S-09,AAGAGGCA,F515Y-01-C,GTAAGGAG,47.7,16S_01,19-UV,UV,UVC+UV,Yes,(9/13),BACTERIA,19UV (9/13),9CITS05,19UV (9/13),ITS4R-04-09,GAGCAATC,ITS86F-05-C,GGCTCAAT,6.03,ITS_5,FUNGI,134,136.1,2.334972336,137.165204,5.609287364,5616,day118-E1-19-UV,128,137.5625,6.036871181,137.2240483,5.635661175,2514,day118-E1-19-UV,8,8,0,8,1.369306394,76,0.030230708,Unvaccinated,day118-E1
43,day118-E1-20-UV,0.00,0.041278214,0.05532521,-0.059722506,day118-E1-20-UV,,10C16S01,20UV (9/13),Frog,E1,day118-E1,R939-1S-10,GTAGAGGA,F515Y-01-C,GTAAGGAG,45.3,16S_01,20-UV,UV,UVC+UV,Yes,(9/13),BACTERIA,20UV (9/13),10CITS05,20UV (9/13),ITS4R-04-10,CAACTTGG,ITS86F-05-C,GGCTCAAT,10.5,ITS_5,FUNGI,296,312.5,9.296787354,306.417164,8.425023428,20485,day118-E1-20-UV,219,266.5172414,17.21527556,262.8011389,7.938918618,2514,day118-E1-20-UV,7,7,0.46291005,7.416015625,1.279232947,75,0.029832936,Unvaccinated,day118-E1
44,day118-E1-21-UVC,0.00,0.147510233,-0.087427164,0.191058864,day118-E1-21-UVC,,11C16S01,21UVC (9/13),Frog,E1,day118-E1,R939-1S-11,GCTCATGA,F515Y-01-C,GTAAGGAG,44,16S_01,21-UVC,UVC,UVC+UV,No,(9/13),BACTERIA,21UVC (9/13),11CITS05,21UVC (9/13),ITS4R-04-11,CCACAACA,ITS86F-05-C,GGCTCAAT,6.66,ITS_5,FUNGI,224,231.5833333,5.448724394,231.397656,6.784167318,15175,day118-E1-21-UVC,188,210.9565217,10.52379712,208.1531892,6.879609633,2514,day118-E1-21-UVC,16,16,0,16,1.936491673,157,0.062450278,Unvaccinated,day118-E1
45,day118-E1-23-UVC,0.00,0.027495998,0.130153103,0.179528781,day118-E1-23-UVC,,10G16S01,23UVC (9/13),Frog,E1,day118-E1,R939-1S-10,GTAGAGGA,F515Y-01-G,CGTCTAAT,44,16S_01,23-UVC,UVC,UVC+UV,No,(9/13),BACTERIA,23UVC (9/13),10GITS05,23UVC (9/13),ITS4R-04-10,CAACTTGG,ITS86F-05-G,GCAATTCC,4.22,ITS_5,FUNGI,236,248.75,7.964672755,244.144482,7.462869481,14702,day118-E1-23-UVC,182,201.84,9.260034594,201.2812104,6.527479407,2514,day118-E1-23-UVC,14,17,4.534183888,17.29885267,1.897287593,421,0.167462212,Unvaccinated,day118-E1
46,day118-E1-24-UVC,0.00,-0.013345328,-0.204919837,0.131552835,day118-E1-24-UVC,,7H16S01,24UVC (9/13),Frog,E1,day118-E1,R939-1S-07,CTCTCTAC,F515Y-01-H,TCTCTCCG,47,16S_01,24-UVC,UVC,UVC+UV,No,(9/13),BACTERIA,24UVC (9/13),7HITS05,24UVC (9/13),ITS4R-04-07,ATAGTCGG,ITS86F-05-H,CTTCGCAA,3.28,ITS_5,FUNGI,206,211,4.313381513,209.3120045,6.898609766,6918,day118-E1-24-UVC,195,211.6666667,8.805941666,207.5944382,6.858423735,2514,day118-E1-24-UVC,6,6,0,6,1.224744871,62,0.024661893,Unvaccinated,day118-E1
47,day118-E1-25-UVC,0.00,0.268194177,0.025901785,0.009628106,day118-E1-25-UVC,,7D16S01,25UVC (9/13),Frog,E1,day118-E1,R939-1S-07,CTCTCTAC,F515Y-01-D,ACTGCATA,57,16S_01,25-UVC,UVC,UVC+UV,No,(9/13),BACTERIA,25UVC (9/13),7DITS05,25UVC (9/13),ITS4R-04-07,ATAGTCGG,ITS86F-05-D,TTCACGGA,2.82,ITS_5,FUNGI,196,214.2,13.15826021,201.8537878,6.627763597,9630,day118-E1-25-UVC,173,190.1818182,8.586627106,190.660095,6.718452275,2514,day118-E1-25-UVC,8,8,0,8,1.414213562,85,0.03381066,Unvaccinated,day118-E1
48,day118-E1-26-UVC,0.00,0.204487756,-0.073841844,-0.189390144,day118-E1-26-UVC,,8D16S01,26UVC (9/13),Frog,E1,day118-E1,R939-1S-08,CGAGGCTG,F515Y-01-D,ACTGCATA,54,16S_01,26-UVC,UVC,UVC+UV,No,(9/13),BACTERIA,26UVC (9/13),8DITS05,26UVC (9/13),ITS4R-04-08,CCATGAAC,ITS86F-05-D,TTCACGGA,3.77,ITS_5,FUNGI,182,204.75,16.70304024,187.6530635,6.515462658,9280,day118-E1-26-UVC,162,177.9545455,8.134125225,181.3656148,6.684466054,2514,day118-E1-26-UVC,12,12,0,12,1.707825128,230,0.091487669,Unvaccinated,day118-E1
49,day118-E1-27-UVC,0.00,0.18347988,0.071990738,0.105283168,day118-E1-27-UVC,,9D16S01,27UVC (9/13),Frog,E1,day118-E1,R939-1S-09,AAGAGGCA,F515Y-01-D,ACTGCATA,49.8,16S_01,27-UVC,UVC,UVC+UV,No,(9/13),BACTERIA,27UVC (9/13),9DITS05,27UVC (9/13),ITS4R-04-09,GAGCAATC,ITS86F-05-D,TTCACGGA,5.29,ITS_5,FUNGI,196,209,9.635626345,201.3901227,6.727113343,8822,day118-E1-27-UVC,168,182,8.087288221,178.0193466,6.313880321,2514,day118-E1-27-UVC,12,12,0,12,1.632993162,172,0.068416866,Unvaccinated,day118-E1
50,day118-E1-28-UVC,0.00,0.028226097,-0.090053081,0.193764363,day118-E1-28-UVC,,10D16S01,28UVC (9/13),Frog,E1,day118-E1,R939-1S-10,GTAGAGGA,F515Y-01-D,ACTGCATA,49,16S_01,28-UVC,UVC,UVC+UV,No,(9/13),BACTERIA,28UVC (9/13),10DITS05,28UVC (9/13),ITS4R-04-10,CAACTTGG,ITS86F-05-D,TTCACGGA,7.22,ITS_5,FUNGI,321,356.7692308,17.23980478,338.241362,8.578673364,23369,day118-E1-28-UVC,240,311.0294118,22.52799502,301.3060269,8.459127579,2514,day118-E1-28-UVC,12,12,0.478713554,12.24242424,1.618056999,106,0.042163882,Unvaccinated,day118-E1
51,day118-E1-29-UVC,0.00,-0.020718799,-0.241404569,0.072572161,day118-E1-29-UVC,,11D16S01,29UVC (9/13),Frog,E1,day118-E1,R939-1S-11,GCTCATGA,F515Y-01-D,ACTGCATA,49.4,16S_01,29-UVC,UVC,UVC+UV,No,(9/13),BACTERIA,29UVC (9/13),11DITS05,29UVC (9/13),ITS4R-04-11,CCACAACA,ITS86F-05-D,TTCACGGA,4.18,ITS_5,FUNGI,283,298.4,8.680093277,293.3256678,8.27378822,13895,day118-E1-29-UVC,226,251.1612903,10.4813692,248.9476341,7.211189121,2514,day118-E1-29-UVC,12,12,0.239356777,12.28818659,1.63038789,210,0.08353222,Unvaccinated,day118-E1
52,day118-E1-30-UVC,0.00,0.18856688,-0.053731317,-0.032036295,day118-E1-30-UVC,,10F16S01,30UVC (9/13),Frog,E1,day118-E1,R939-1S-10,GTAGAGGA,F515Y-01-F,CTAAGCCT,47.2,16S_01,30-UVC,UVC,UVC+UV,No,(9/13),BACTERIA,30UVC (9/13),10FITS05,30UVC (9/13),ITS4R-04-10,CAACTTGG,ITS86F-05-F,AAGTGCAG,1.98,ITS_5,FUNGI,189,204.1666667,10.8592411,195.2274545,6.76801677,7877,day118-E1-30-UVC,167,174.2857143,4.710583172,175.6826686,6.34845881,2514,day118-E1-30-UVC,9,9,0,9,1.247219129,52,0.020684169,Unvaccinated,day118-E1
53,day118-E1-31-UTA,0.00,0.121662018,0.166353691,0.27926416,day118-E1-31-UTA,,8H16S01,31UTA (9/13),Frog,E1,day118-E1,R939-1S-08,CGAGGCTG,F515Y-01-H,TCTCTCCG,51,16S_01,31-UTA,UTA,UTA,No,(9/13),BACTERIA,31UTA (9/13),8HITS05,31UTA (9/13),ITS4R-04-08,CCATGAAC,ITS86F-05-H,CTTCGCAA,7.32,ITS_5,FUNGI,201,218,10.65647608,211.7678146,6.690423314,12881,day118-E1-31-UTA,172,211.0555556,16.85140666,201.2549775,6.965147573,2514,day118-E1-31-UTA,12,12,0,12,0.957427108,61,0.024264121,Untreated Control,day118-E1
54,day118-E1-32-UTA,0.00,0.131949626,0.113971118,0.008887795,day118-E1-32-UTA,,9F16S01,32UTA (9/13),Frog,E1,day118-E1,R939-1S-09,AAGAGGCA,F515Y-01-F,CTAAGCCT,52,16S_01,32-UTA,UTA,UTA,No,(9/13),BACTERIA,32UTA (9/13),9FITS05,32UTA (9/13),ITS4R-04-09,GAGCAATC,ITS86F-05-F,AAGTGCAG,5.33,ITS_5,FUNGI,228,245.1,10.41227793,237.6183467,7.162348656,16557,day118-E1-32-UTA,181,193.1935484,6.234235252,196.974709,6.468324738,2514,day118-E1-32-UTA,12,12,0.159571185,12.3125,1.367894933,94,0.037390613,Untreated Control,day118-E1
55,day118-E1-33-UTA,0.00,0.118997771,0.088688441,0.116059973,day118-E1-33-UTA,,7E16S01,33UTA (9/13),Frog,E1,day118-E1,R939-1S-07,CTCTCTAC,F515Y-01-E,AAGGAGTA,49,16S_01,33-UTA,UTA,UTA,No,(9/13),BACTERIA,33UTA (9/13),7EITS05,33UTA (9/13),ITS4R-04-07,ATAGTCGG,ITS86F-05-E,GGCGAATA,3.67,ITS_5,FUNGI,241,251.2,6.41615755,249.9450186,7.514094981,11825,day118-E1-33-UTA,202,230.7,11.64477962,232.3799189,7.328146914,2514,day118-E1-33-UTA,11,11,0,11,1.477097892,114,0.045346062,Untreated Control,day118-E1
56,day118-E1-34-UTA,0.00,0.003759289,-0.240225355,0.191630383,day118-E1-34-UTA,,8E16S01,34UTA (9/13),Frog,E1,day118-E1,R939-1S-08,CGAGGCTG,F515Y-01-E,AAGGAGTA,41.8,16S_01,34-UTA,UTA,UTA,No,(9/13),BACTERIA,34UTA (9/13),8EITS05,34UTA (9/13),ITS4R-04-08,CCATGAAC,ITS86F-05-E,GGCGAATA,8.16,ITS_5,FUNGI,176,179.4615385,3.106481127,179.9624227,6.578396384,7113,day118-E1-34-UTA,162,189.7894737,12.76014634,185.9278726,6.630472354,2514,day118-E1-34-UTA,7,7,0.231455025,7.477836213,1.256782293,58,0.023070804,Untreated Control,day118-E1
57,day118-E1-35-UTA,0.00,-0.165770586,-0.255499302,0.172045116,day118-E1-35-UTA,,9E16S01,35UTA (9/13),Frog,E1,day118-E1,R939-1S-09,AAGAGGCA,F515Y-01-E,AAGGAGTA,46.9,16S_01,35-UTA,UTA,UTA,No,(9/13),BACTERIA,35UTA (9/13),9EITS05,35UTA (9/13),ITS4R-04-09,GAGCAATC,ITS86F-05-E,GGCGAATA,5.35,ITS_5,FUNGI,205,208,2.863781939,208.3747454,6.857096103,11969,day118-E1-35-UTA,172,184.3030303,6.194951721,190.6876608,6.486703246,2514,day118-E1-35-UTA,9,9,0.471404521,9.318604227,1.47849419,179,0.071201273,Untreated Control,day118-E1
58,day118-E1-36-UTA,0.00,0.140313596,-0.167971736,-0.034129372,day118-E1-36-UTA,,10E16S01,36UTA (9/13),Frog,E1,day118-E1,R939-1S-10,GTAGAGGA,F515Y-01-E,AAGGAGTA,46.1,16S_01,36-UTA,UTA,UTA,No,(9/13),BACTERIA,36UTA (9/13),10EITS05,36UTA (9/13),ITS4R-04-10,CAACTTGG,ITS86F-05-E,GGCGAATA,5.64,ITS_5,FUNGI,199,205.6,5.13640713,203.4505666,6.990479013,9215,day118-E1-36-UTA,176,191,7.212969558,196.8625876,6.775923569,2514,day118-E1-36-UTA,5,5,0,5,0.894427191,26,0.010342084,Untreated Control,day118-E1
59,day118-E1-37-UTA,0.00,0.157461997,0.016090085,-0.201239632,day118-E1-37-UTA,,11E16S01,37UTA (9/13),Frog,E1,day118-E1,R939-1S-11,GCTCATGA,F515Y-01-E,AAGGAGTA,44.4,16S_01,37-UTA,UTA,UTA,No,(9/13),BACTERIA,37UTA (9/13),11EITS05,37UTA (9/13),ITS4R-04-11,CCACAACA,ITS86F-05-E,GGCGAATA,3.97,ITS_5,FUNGI,221,230.1,6.485108704,226.9396415,7.069061827,12071,day118-E1-37-UTA,193,217.4736842,11.58453267,209.5380561,6.705439967,2514,day118-E1-37-UTA,12,12,0,12,1.5,114,0.045346062,Untreated Control,day118-E1
60,day118-E1-38-UTA,0.00,0.160316232,0.04132773,-0.043757936,day118-E1-38-UTA,,11F16S01,38UTA (9/13),Frog,E1,day118-E1,R939-1S-11,GCTCATGA,F515Y-01-F,CTAAGCCT,45.7,16S_01,38-UTA,UTA,UTA,No,(9/13),BACTERIA,38UTA (9/13),11FITS05,38UTA (9/13),ITS4R-04-11,CCACAACA,ITS86F-05-F,AAGTGCAG,4.75,ITS_5,FUNGI,245,259.25,8.654744104,255.0585132,7.247700065,14660,day118-E1-38-UTA,200,222.9565217,10.52383279,218.836394,6.916457094,2514,day118-E1-38-UTA,13,13,0,13,1.519109051,101,0.04017502,Untreated Control,day118-E1
61,day118-E1-39-UTA,0.00,0.159076694,-0.05129903,-0.018973427,day118-E1-39-UTA,,9H16S01,39UTA (9/13),Frog,E1,day118-E1,R939-1S-09,AAGAGGCA,F515Y-01-H,TCTCTCCG,49.1,16S_01,39-UTA,UTA,UTA,No,(9/13),BACTERIA,39UTA (9/13),9HITS05,39UTA (9/13),ITS4R-04-09,GAGCAATC,ITS86F-05-H,CTTCGCAA,6.2,ITS_5,FUNGI,159,165.875,5.565920502,163.2149997,6.145709621,5329,day118-E1-39-UTA,150,156,4.535362956,154.9161476,5.990182013,2514,day118-E1-39-UTA,8,8,0,8,1.224744871,71,0.028241846,Untreated Control,day118-E1
62,day118-E1-40-UTA,0.00,0.063064389,0.056996565,0.043580659,day118-E1-40-UTA,,9G16S01,40UTA (9/13),Frog,E1,day118-E1,R939-1S-09,AAGAGGCA,F515Y-01-G,CGTCTAAT,53,16S_01,40-UTA,UTA,UTA,No,(9/13),BACTERIA,40UTA (9/13),9GITS05,40UTA (9/13),ITS4R-04-09,GAGCAATC,ITS86F-05-G,GCAATTCC,5.66,ITS_5,FUNGI,188,192.0909091,3.595710409,192.157683,6.568258471,7035,day118-E1-40-UTA,176,190.0555556,7.768409163,187.6858788,6.578109064,2514,day118-E1-40-UTA,12,12,0,12,1.732050808,287,0.1141607,Untreated Control,day118-E1
63,day118-E1-41-V,0.00,-0.129530272,0.094992373,-0.290376634,day118-E1-41-V,,12G16S01,41V (9/13),Frog,E1,day118-E1,R939-1S-12,ATCTCAGG,F515Y-01-G,CGTCTAAT,44.4,16S_01,41-V,V,VC+V,Yes,(9/13),BACTERIA,41V (9/13),12GITS05,41V (9/13),ITS4R-04-12,TGGTGAAG,ITS86F-05-G,GCAATTCC,4.6,ITS_5,FUNGI,286,296.1111111,7.190003141,290.9831987,8.058484506,20378,day118-E1-41-V,225,266.1290323,15.14133853,263.2407873,7.772768395,2514,day118-E1-41-V,11,11.25,0.7309502,12.15238095,1.668457252,411,0.163484487,Vaccinated,day118-E1
64,day118-E1-42-V,0.00,-0.055269938,0.032708152,0.011451318,day118-E1-42-V,,12H16S01,42V (9/13),Frog,E1,day118-E1,R939-1S-12,ATCTCAGG,F515Y-01-H,TCTCTCCG,38.1,16S_01,42-V,V,VC+V,Yes,(9/13),BACTERIA,42V (9/13),12HITS05,42V (9/13),ITS4R-04-12,TGGTGAAG,ITS86F-05-H,CTTCGCAA,3.61,ITS_5,FUNGI,164,181.5,12.14673764,170.2380016,6.399676516,5564,day118-E1-42-V,150,159.7142857,6.290967083,157.8620253,6.072714254,2514,day118-E1-42-V,6,6,0,6,1.224744871,64,0.025457438,Vaccinated,day118-E1
65,day118-E1-45-V,0.00,-0.123618598,0.110694001,-0.042252053,day118-E1-45-V,,1E16S02,45V (9/13),Frog,E1,day118-E1,R939-1S-01,TAAGGCGA,F515Y-02-E,AAGGCTAT,29.5,16S_02,45-V,V,VC+V,Yes,(9/13),BACTERIA,45V (9/13),1EITS06,45V (9/13),ITS4R-04-01,AGTATGCC,ITS86F-06-E,TAGGAGCT,0.915,ITS_6,FUNGI,228,239.7692308,7.362900142,237.9850306,7.395782463,12322,day118-E1-45-V,188,229.625,18.32040318,211.0627975,6.848485162,2514,day118-E1-45-V,14,14,0.240906028,14.34026825,1.725025875,188,0.074781225,Vaccinated,day118-E1
66,day118-E1-46-V,0.00,-0.251681308,0.138802718,-0.215618761,day118-E1-46-V,,1F16S02,46V (9/13),Frog,E1,day118-E1,R939-1S-01,TAAGGCGA,F515Y-02-F,TTATGCGA,29.6,16S_02,46-V,V,VC+V,Yes,(9/13),BACTERIA,46V (9/13),1FITS06,46V (9/13),ITS4R-04-01,AGTATGCC,ITS86F-06-F,AACAAGGC,1.38,ITS_6,FUNGI,193,202.4285714,7.257946848,197.8275274,6.469451451,14694,day118-E1-46-V,162,183.12,9.695675488,183.1373549,6.274280862,2514,day118-E1-46-V,10,11,2.266354702,11.25577061,1.614657171,110,0.043754972,Vaccinated,day118-E1
67,day118-E1-47-V,0.00,-0.035366163,0.180053872,0.009794442,day118-E1-47-V,Fungi -loo low on qubit,2H16S02,47V (9/13),Frog,E1,day118-E1,R939-1S-02,CGTACTAG,F515Y-02-H,ATAACGCC,49.3,16S_02,47-V,V,VC+V,Yes,(9/13),BACTERIA,47V (9/13),,,,,,,NA,,NA,342,352,5.87744374,351.7520215,8.897506918,30285,day118-E1-47-V,235,315.64,27.26143748,288.0947583,8.19002326,2514,day118-E1-47-V,10,13,4.493585171,12.12,1.595913518,114,0.045346062,Vaccinated,day118-E1
68,day118-E1-48-V,0.00,-0.068861458,0.217713942,-0.014090994,day118-E1-48-V,Fungi -loo low on qubit,3B16S02,48V (9/13),Frog,E1,day118-E1,R939-1S-03,AGGCAGAA,F515Y-02-B,CCTAGAGT,38.6,16S_02,48-V,V,VC+V,Yes,(9/13),BACTERIA,48V (9/13),,,,,,,NA,,NA,110,110.8571429,1.39484858,111.3418442,5.200352291,3753,day118-E1-48-V,106,107.6666667,2.044323523,108.1402302,5.124122466,2514,day118-E1-48-V,7,7,0,7,1.195228609,265,0.105409706,Vaccinated,day118-E1
69,day118-E1-50-V,0.00,-0.28897629,-0.005341941,0.05013292,day118-E1-50-V,,12F16S01,50V (9/13),Frog,E1,day118-E1,R939-1S-12,ATCTCAGG,F515Y-01-F,CTAAGCCT,41.4,16S_01,50-V,V,VC+V,Yes,(9/13),BACTERIA,50V (9/13),12FITS05,50V (9/13),ITS4R-04-12,TGGTGAAG,ITS86F-05-F,AAGTGCAG,2.89,ITS_5,FUNGI,297,312,9.982253383,302.7558964,7.99513425,20901,day118-E1-50-V,232,247.9772727,7.017588438,256.3346416,7.493208546,2514,day118-E1-50-V,11,11,0.476731295,11.33395943,1.515447564,186,0.07398568,Vaccinated,day118-E1
70,day118-E1-51-V,0.00,-0.177654643,0.237710633,0.218034055,day118-E1-51-V,,1B16S02,51V (9/13),Frog,E1,day118-E1,R939-1S-01,TAAGGCGA,F515Y-02-B,CCTAGAGT,11.7,16S_02,51-V,V,VC+V,Yes,(9/13),BACTERIA,51V (9/13),1BITS06,51V (9/13),ITS4R-04-01,AGTATGCC,ITS86F-06-B,TCTGGACA,1.49,ITS_6,FUNGI,163,169,5.389283691,165.9812551,6.203502057,8671,day118-E1-51-V,150,165,7.949318629,165.0940231,6.081981051,2514,day118-E1-51-V,6,6,0,6,1.154700538,98,0.038981702,Vaccinated,day118-E1
71,day118-E1-52-V,0.00,-0.196963765,0.050217781,-0.098694884,day118-E1-52-V,,1G16S02,52V (9/13),Frog,E1,day118-E1,R939-1S-01,TAAGGCGA,F515Y-02-G,AGCCAACT,30.8,16S_02,52-V,V,VC+V,Yes,(9/13),BACTERIA,52V (9/13),1GITS06,52V (9/13),ITS4R-04-01,AGTATGCC,ITS86F-06-G,CTCGGTAA,3.48,ITS_6,FUNGI,174,187.3333333,8.849770035,182.1028894,6.557388491,11312,day118-E1-52-V,150,180,13.17819611,177.8765963,6.405144967,2514,day118-E1-52-V,9,9,0,9,1.490711985,1335,0.531026253,Vaccinated,day118-E1
72,day118-E1-53-V,0.00,-0.093603514,0.287159239,0.14399678,day118-E1-53-V,,1H16S02,53V (9/13),Frog,E1,day118-E1,R939-1S-01,TAAGGCGA,F515Y-02-H,ATAACGCC,11.9,16S_02,53-V,V,VC+V,Yes,(9/13),BACTERIA,53V (9/13),1HITS06,53V (9/13),ITS4R-04-01,AGTATGCC,ITS86F-06-H,AGCTTCAG,1.23,ITS_6,FUNGI,154,157.6,3.356298099,157.98731,5.883834302,7308,day118-E1-53-V,139,147,5.390633236,147.0560508,5.860009305,2514,day118-E1-53-V,10,10,0,10,1.549193338,191,0.075974543,Vaccinated,day118-E1
73,day118-E1-54-V,0.00,-0.302345683,-0.14860078,-0.114110928,day118-E1-54-V,Fungi -loo low on qubit,2E16S02,54V (9/13),Frog,E1,day118-E1,R939-1S-02,CGTACTAG,F515Y-02-E,AAGGCTAT,51,16S_02,54-V,V,VC+V,Yes,(9/13),BACTERIA,54V (9/13),,,,,,,NA,,NA,366,387.1363636,10.00474538,383.6248406,9.227955968,50754,day118-E1-54-V,216,264.1578947,16.1922657,273.1790932,8.66294649,2514,day118-E1-54-V,9,9,0.15713484,9.872576177,1.619983571,528,0.210023866,Vaccinated,day118-E1
74,day118-E1-55-V,0.00,-0.071867299,0.266011094,-0.057759257,day118-E1-55-V,Fungi -loo low on qubit,3A16S02,55V (9/13),Frog,E1,day118-E1,R939-1S-03,AGGCAGAA,F515Y-02-A,TTCTAGCT,17.7,16S_02,55-V,V,VC+V,Yes,(9/13),BACTERIA,55V (9/13),,,,,,,NA,,NA,139,151,10.77263519,142.0908235,5.697985794,3864,day118-E1-55-V,136,139.1111111,3.101311135,138.6935377,5.816565282,2514,day118-E1-55-V,8,8,0,8,1.414213562,182,0.07239459,Vaccinated,day118-E1
75,day118-E1-56-V,0.00,-0.117500695,0.264172891,-0.031289266,day118-E1-56-V,Fungi -loo low on qubit,3D16S02,56V (9/13),Frog,E1,day118-E1,R939-1S-03,AGGCAGAA,F515Y-02-D,CTATTAAG,52,16S_02,56-V,V,VC+V,Yes,(9/13),BACTERIA,56V (9/13),,,,,,,NA,,NA,267,276.0666667,5.894628221,274.2129329,7.888909406,15482,day118-E1-56-V,220,241.5,8.733239331,251.815452,7.655155147,2514,day118-E1-56-V,10,10,0.118585412,10.42857143,1.54743277,129,0.051312649,Vaccinated,day118-E1
76,day118-E1-57-V,0.00,-0.081440393,0.273127701,0.089670736,day118-E1-57-V,Fungi -loo low on qubit,3G16S02,57V (9/13),Frog,E1,day118-E1,R939-1S-03,AGGCAGAA,F515Y-02-G,AGCCAACT,45.1,16S_02,57-V,V,VC+V,Yes,(9/13),BACTERIA,57V (9/13),,,,,,,NA,,NA,192,209.1428571,11.46800578,200.9208411,6.51674011,9226,day118-E1-57-V,172,195.25,11.00008489,191.8536402,6.673637229,2514,day118-E1-57-V,10,11,2.266354702,11.92307692,1.47721616,156,0.062052506,Vaccinated,day118-E1
77,day118-E1-58-V,0.00,-0.290256789,-0.083254084,-0.080819619,day118-E1-58-V,,12E16S01,58V (9/13),Frog,E1,day118-E1,R939-1S-12,ATCTCAGG,F515Y-01-E,AAGGAGTA,44.2,16S_01,58-V,V,VC+V,Yes,(9/13),BACTERIA,58V (9/13),12EIT05,58V (9/13),ITS4R-04-12,TGGTGAAG,ITS86F-05-E,GGCGAATA,3.62,ITS_5,FUNGI,246,251,4.313489598,249.6344751,7.246793328,19901,day118-E1-58-V,198,233.2857143,14.92669287,223.9913579,7.066941329,2514,day118-E1-58-V,7,7,0.46291005,7.574074074,1.353354343,198,0.07875895,Vaccinated,day118-E1
78,day118-E1-61-VC,0.00,-0.090955208,0.160466138,0.109498709,day118-E1-61-VC,Fungi -loo low on qubit,2A16S02,61VC (9/13),Frog,E1,day118-E1,R939-1S-02,CGTACTAG,F515Y-02-A,TTCTAGCT,10.1,16S_02,61-VC,VC,VC+V,No,(9/13),BACTERIA,61VC (9/13),,,,,,,NA,,NA,220,225.5,4.510502649,224.0971047,7.141712397,11312,day118-E1-61-VC,186,201.12,7.600792521,202.6070743,6.825783441,2514,day118-E1-61-VC,13,13.5,1.28290036,14.10855488,1.708343647,341,0.135640414,Vaccinated,day118-E1
79,day118-E1-62-VC,0.00,-0.15464119,-0.132412849,-0.203093158,day118-E1-62-VC,Fungi -loo low on qubit,2F16S02,62VC (9/13),Frog,E1,day118-E1,R939-1S-02,CGTACTAG,F515Y-02-F,TTATGCGA,56,16S_02,62-VC,VC,VC+V,No,(9/13),BACTERIA,62VC (9/13),,,,,,,NA,,NA,364,414.2142857,22.13676216,385.7322019,9.313525854,44093,day118-E1-62-VC,223,274.1081081,17.06078375,273.1474716,7.853933349,2514,day118-E1-62-VC,7,7,0,7,1.309307341,470,0.186953063,Vaccinated,day118-E1
80,day118-E1-63-VC,0.00,-0.1515853,0.231197463,-0.114989347,day118-E1-63-VC,Fungi -loo low on qubit,3E16S02,63VC (9/13),Frog,E1,day118-E1,R939-1S-03,AGGCAGAA,F515Y-02-E,AAGGCTAT,51,16S_02,63-VC,VC,VC+V,No,(9/13),BACTERIA,63VC (9/13),,,,,,,NA,,NA,232,235.2352941,2.830200251,236.1643651,7.424441336,12534,day118-E1-63-VC,192,214.5,9.889059556,216.3387843,7.072219127,2514,day118-E1-63-VC,10,10,0,10,1.58113883,354,0.140811456,Vaccinated,day118-E1
81,day118-E1-64-VC,0.00,-0.08327425,0.144191484,-0.049634298,day118-E1-64-VC,,4A16S02,64VC (9/13),Frog,E1,day118-E1,R939-1S-04,TCCTGAGC,F515Y-02-A,TTCTAGCT,4.09,16S_02,64-VC,VC,VC+V,No,(9/13),BACTERIA,64VC (9/13),4AITS06,64VC (9/13),ITS4R-04-04,TCCACGTT,ITS86F-06-A,CATTGACG,2.41,ITS_6,FUNGI,154,155.3636364,1.73675027,155.956543,6.136578376,3746,day118-E1-64-VC,150,158.0769231,5.600113737,156.6649239,6.143285642,2514,day118-E1-64-VC,9,12,4.479118217,18,2.264179578,132,0.052505967,Vaccinated,day118-E1
82,day118-E1-65-VC,0.00,-0.096550252,0.240009191,-0.00163471,day118-E1-65-VC,Fungi -loo low on qubit,3H16S02,65VC (9/13),Frog,E1,day118-E1,R939-1S-03,AGGCAGAA,F515Y-02-H,ATAACGCC,36.1,16S_02,65-VC,VC,VC+V,No,(9/13),BACTERIA,65VC (9/13),,,,,,,NA,,NA,127,129.1428571,2.530815051,129.4359567,5.320589063,6828,day118-E1-65-VC,118,121.0555556,2.69937377,124.1619047,5.535601938,2514,day118-E1-65-VC,8,8,0,8,1.369306394,110,0.043754972,Vaccinated,day118-E1
83,day118-E1-66-VC,0.00,-0.284005421,-0.315766534,0.018788278,day118-E1-66-VC,,12D16S01,66VC (9/13),Frog,E1,day118-E1,R939-1S-12,ATCTCAGG,F515Y-01-D,ACTGCATA,44.6,16S_01,66-VC,VC,VC+V,No,(9/13),BACTERIA,66VC (9/13),12DITS05,66VC (9/13),ITS4R-04-12,TGGTGAAG,ITS86F-05-D,TTCACGGA,2.64,ITS_5,FUNGI,216,223.0909091,5.294025907,221.1809236,7.191345787,9455,day118-E1-66-VC,186,211.5,11.51222938,207.3998682,6.758711947,2514,day118-E1-66-VC,6,6,0,6,1.154700538,122,0.048528242,Vaccinated,day118-E1
84,day118-E1-67-VC,0.00,-0.301423522,-0.104286257,-0.032446939,day118-E1-67-VC,,1D16S02,67VC (9/13),Frog,E1,day118-E1,R939-1S-01,TAAGGCGA,F515Y-02-D,CTATTAAG,29.5,16S_02,67-VC,VC,VC+V,No,(9/13),BACTERIA,67VC (9/13),1DITS06,67VC (9/13),ITS4R-04-01,AGTATGCC,ITS86F-06-D,CCGATGTA,1.48,ITS_6,FUNGI,250,269.125,12.0506225,257.2039756,7.582570942,15064,day118-E1-67-VC,204,238.5,13.36599696,245.8502566,7.916044625,2514,day118-E1-67-VC,9,10,2.258317958,12.9,1.237391046,233,0.092680986,Vaccinated,day118-E1
85,day118-E1-69-VC,0.00,-0.166580913,-0.162740333,-0.021274234,day118-E1-69-VC,Fungi -loo low on qubit,2D16S02,69VC (9/13),Frog,E1,day118-E1,R939-1S-02,CGTACTAG,F515Y-02-D,CTATTAAG,51,16S_02,69-VC,VC,VC+V,No,(9/13),BACTERIA,69VC (9/13),,,,,,,NA,,NA,292,302.4615385,6.753647593,299.7787221,7.750138457,46098,day118-E1-69-VC,195,234.75,14.20095816,242.7520782,7.746390411,2514,day118-E1-69-VC,8,9,1.796773514,10.09375,1.379534304,19,0.007557677,Vaccinated,day118-E1
86,day118-E1-70-VC,0.00,-0.285578188,-0.097066323,-0.017280058,day118-E1-70-VC,Fungi -loo low on qubit,2B16S02,70VC (9/13),Frog,E1,day118-E1,R939-1S-02,CGTACTAG,F515Y-02-B,CCTAGAGT,46.4,16S_02,70-VC,VC,VC+V,No,(9/13),BACTERIA,70VC (9/13),,,,,,,NA,,NA,355,367.2142857,7.435065864,362.7835059,8.816259305,30844,day118-E1-70-VC,255,296.1428571,13.50769445,308.9123276,8.660096763,2514,day118-E1-70-VC,11,11,0,11,1.477097892,159,0.063245823,Vaccinated,day118-E1
87,day118-E1-71-VC,0.00,-0.229212866,0.175088877,0.014265614,day118-E1-71-VC,Fungi -loo low on qubit,2G16S02,71VC (9/13),Frog,E1,day118-E1,R939-1S-02,CGTACTAG,F515Y-02-G,AGCCAACT,51,16S_02,71-VC,VC,VC+V,No,(9/13),BACTERIA,71VC (9/13),,,,,,,NA,,NA,337,360.25,11.00048515,357.9856717,8.745130051,37831,day118-E1-71-VC,214,251.1212121,13.78763347,250.6386364,7.408970776,2514,day118-E1-71-VC,9,9,0.15713484,9.6171875,1.373487097,112,0.044550517,Vaccinated,day118-E1
88,day118-E1-72-VC,0.00,-0.2049958,-0.06671364,-0.080481142,day118-E1-72-VC,Fungi -loo low on qubit,3F16S02,72VC (9/13),Frog,E1,day118-E1,R939-1S-03,AGGCAGAA,F515Y-02-F,TTATGCGA,48.8,16S_02,72-VC,VC,VC+V,No,(9/13),BACTERIA,72VC (9/13),,,,,,,NA,,NA,167,172.625,4.814253594,171.4223678,6.170224915,10906,day118-E1-72-VC,145,154.5454545,5.632711379,156.8958919,5.922371907,2514,day118-E1-72-VC,11,11,0,11,1.651445648,174,0.069212411,Vaccinated,day118-E1
89,day29-E2-04-UV,34480.00,0.130469373,-0.025507112,-0.190712685,day29-E2-04-UV,,5G16S03,04UV (10/13),Frog,E2,day29-E2,R939-1S-05,GGACTCCT,F515Y-03-G,TAACGTCG,56,16S_03,04-UV,UV,UVC+UV,Yes,(10/13),BACTERIA,04UV (10/13),04UV (10/13),5GITS15,ITS4R-04-05,AACCAGAG,ITS86F-15-G,ATGAGTGC,3.59,ITS_15,FUNGI,139,143,3.89020866,141.9462026,5.777163293,5357,day29-E2-04-UV,136,157.0833333,11.65552078,148.6194295,5.820385271,2514,day29-E2-04-UV,9,9,0,9,1.490711985,239,0.095067621,Unvaccinated,day29-E2
90,day29-E2-05-UV,26260.00,-0.299523803,0.048093141,-0.157713145,day29-E2-05-UV,,4A16S03,05UV (10/13),Frog,E2,day29-E2,R939-1S-04,TCCTGAGC,F515Y-03-A,CCACATTG,17.8,16S_03,05-UV,UV,UVC+UV,Yes,(10/13),BACTERIA,05UV (10/13),05UV (10/13),4AITS15,ITS4R-04-04,TCCACGTT,ITS86F-15-A,GGAGGAAT,3.41,ITS_15,FUNGI,117,135,16.14388429,120.1636656,5.135780403,8045,day29-E2-05-UV,108,114,4.53512223,113.8791886,5.010100644,2514,day29-E2-05-UV,6,6,0,6,1.224744871,45,0.017899761,Unvaccinated,day29-E2
91,day29-E2-06-UV,1428000.00,-0.380917429,-0.046914851,0.178573854,day29-E2-06-UV,,3G16S03,06UV (10/13),Frog,E2,day29-E2,R939-1S-03,AGGCAGAA,F515Y-03-G,TAACGTCG,23.3,16S_03,06-UV,UV,UVC+UV,Yes,(10/13),BACTERIA,06UV (10/13),06UV (10/13),3GITS15,ITS4R-04-03,TGCTTGCT,ITS86F-15-G,ATGAGTGC,1.35,ITS_15,FUNGI,110,112.5,3.160080871,112.0480226,4.767189794,9259,day29-E2-06-UV,98,115.5,12.14448748,105.6339211,4.975249661,2514,day29-E2-06-UV,9,9,0,9,1.414213562,92,0.036595068,Unvaccinated,day29-E2
92,day29-E2-07-UV,736400.00,-0.206993091,0.102624543,0.003748981,day29-E2-07-UV,,3D16S03,07UV (10/13),Frog,E2,day29-E2,R939-1S-03,AGGCAGAA,F515Y-03-D,GTGATCCA,25.7,16S_03,07-UV,UV,UVC+UV,Yes,(10/13),BACTERIA,07UV (10/13),07UV (10/13),3DITS15,ITS4R-04-03,TGCTTGCT,ITS86F-15-D,TAGTGCCA,2.09,ITS_15,FUNGI,150,157.8571429,6.335884107,154.5928824,6.045113537,10758,day29-E2-07-UV,125,144.4615385,10.73376908,139.0135878,5.573005351,2514,day29-E2-07-UV,13,13,0.480384461,13.31578947,1.723730903,406,0.161495625,Unvaccinated,day29-E2
93,day29-E2-08-UV,91270.00,0.097205624,0.159511298,-0.110561251,day29-E2-08-UV,,5E16S03,08UV (10/13),Frog,E2,day29-E2,R939-1S-05,GGACTCCT,F515Y-03-E,TTCGTACG,54,16S_03,08-UV,UV,UVC+UV,Yes,(10/13),BACTERIA,08UV (10/13),08UV (10/13),5EITS15,ITS4R-04-05,AACCAGAG,ITS86F-15-E,GCTCAGTT,2.49,ITS_15,FUNGI,164,177.3333333,8.849674477,170.9435965,6.446947517,8063,day29-E2-08-UV,138,145.4347826,4.692803062,148.1902485,5.629381282,2514,day29-E2-08-UV,10,10.5,1.278252155,11.36666667,1.565398099,240,0.095465394,Unvaccinated,day29-E2
94,day29-E2-09-UV,2143000.00,-0.406297725,-0.129801499,0.089468555,day29-E2-09-UV,,4C16S03,09UV (10/13),Frog,E2,day29-E2,R939-1S-04,TCCTGAGC,F515Y-03-C,ACAGGCAT,15.9,16S_03,09-UV,UV,UVC+UV,Yes,(10/13),BACTERIA,09UV (10/13),09UV (10/13),4CITS15,ITS4R-04-04,TCCACGTT,ITS86F-15-C,AGACCTTG,5.66,ITS_15,FUNGI,169,178.4285714,7.257724469,175.3157223,6.128818202,23817,day29-E2-09-UV,127,156,14.31427862,151.1048582,6.122344904,2514,day29-E2-09-UV,5,5,0.447213595,5.62109375,1.069026809,104,0.041368337,Unvaccinated,day29-E2
95,day29-E2-10-UV,4168.00,0.215894133,-0.030564969,0.112026339,day29-E2-10-UV,,2H16S03,10UV (10/13),Frog,E2,day29-E2,R939-1S-02,CGTACTAG,F515Y-03-H,CCTTCCAT,32.5,16S_03,10-UV,UV,UVC+UV,Yes,(10/13),BACTERIA,10UV (10/13),10UV (10/13),2HITS15,ITS4R-04-02,TACTGCTC,ITS86F-15-H,GCTTCACA,25.4,ITS_15,FUNGI,277,298.0833333,11.65647314,288.5162982,8.002621057,14263,day29-E2-10-UV,220,245.3235294,10.30512145,248.7856445,7.539360318,2514,day29-E2-10-UV,12,13,2.278663576,13.22572665,1.711026687,191,0.075974543,Unvaccinated,day29-E2
96,day29-E2-11-UV,11580.00,0.074673249,0.042548969,-0.082851217,day29-E2-11-UV,,4D16S03,11UV (10/13),Frog,E2,day29-E2,R939-1S-04,TCCTGAGC,F515Y-03-D,GTGATCCA,13,16S_03,11-UV,UV,UVC+UV,Yes,(10/13),BACTERIA,11UV (10/13),11UV (10/13),4DITS15,ITS4R-04-04,TCCACGTT,ITS86F-15-D,TAGTGCCA,3.28,ITS_15,FUNGI,307,347.6,20.60139699,324.1402427,8.405427996,31002,day29-E2-11-UV,210,242.8,13.47938927,235.6898101,7.149695673,2514,day29-E2-11-UV,15,15,0.483045892,15.31096072,1.901941632,249,0.099045346,Unvaccinated,day29-E2
97,day29-E2-12-UV,58740.00,-0.034290351,0.154639119,-0.156305558,day29-E2-12-UV,,4H16S03,12UV (10/13),Frog,E2,day29-E2,R939-1S-04,TCCTGAGC,F515Y-03-H,CCTTCCAT,14.7,16S_03,12-UV,UV,UVC+UV,Yes,(10/13),BACTERIA,12UV (10/13),12UV (10/13),4HITS15,ITS4R-04-04,TCCACGTT,ITS86F-15-H,GCTTCACA,4.35,ITS_15,FUNGI,330,369,20.5721496,344.509009,8.407518496,26304,day29-E2-12-UV,247,312.0322581,21.57689981,299.019028,8.297245629,2514,day29-E2-12-UV,12,12,0,12,1.632993162,232,0.092283214,Unvaccinated,day29-E2
98,day29-E2-13-UV,48750.00,-0.013012255,0.113693293,-0.128644285,day29-E2-13-UV,,2B16S03,13UV (10/13),Frog,E2,day29-E2,R939-1S-02,CGTACTAG,F515Y-03-B,TCGAGAGT,36.6,16S_03,13-UV,UV,UVC+UV,Yes,(10/13),BACTERIA,13UV (10/13),13UV (10/13),2BITS15,ITS4R-04-02,TACTGCTC,ITS86F-15-B,TGACCGTT,2.02,ITS_15,FUNGI,202,216.6153846,8.64675484,213.1280429,7.101721438,18705,day29-E2-13-UV,146,163.6,8.142630094,169.6269507,6.043099707,2514,day29-E2-13-UV,12,12,0.159571185,12.5026296,1.572175351,481,0.19132856,Unvaccinated,day29-E2
99,day29-E2-14-UV,93570.00,-0.281222576,-0.162270763,-0.22459777,day29-E2-14-UV,,3E16S03,14UV (10/13),Frog,E2,day29-E2,R939-1S-03,AGGCAGAA,F515Y-03-E,TTCGTACG,23.8,16S_03,14-UV,UV,UVC+UV,Yes,(10/13),BACTERIA,14UV (10/13),14UV (10/13),3EITS15,ITS4R-04-03,TGCTTGCT,ITS86F-15-E,GCTCAGTT,3.05,ITS_15,FUNGI,144,150.4285714,5.467139154,148.6827937,5.793325577,10782,day29-E2-14-UV,126,132.84,4.363227154,138.6553306,5.714076755,2514,day29-E2-14-UV,8,8,0,8,1.224744871,270,0.107398568,Unvaccinated,day29-E2
100,day29-E2-15-UV,11420.00,0.00167215,0.059589897,-0.08224063,day29-E2-15-UV,,4B16S03,15UV (10/13),Frog,E2,day29-E2,R939-1S-04,TCCTGAGC,F515Y-03-B,TCGAGAGT,16.8,16S_03,15-UV,UV,UVC+UV,Yes,(10/13),BACTERIA,15UV (10/13),15UV (10/13),4BITS15,ITS4R-04-04,TCCACGTT,ITS86F-15-B,TGACCGTT,11.5,ITS_15,FUNGI,292,309.6470588,9.316802892,304.3474634,8.354523381,21429,day29-E2-15-UV,192,225.3870968,12.93316446,225.8308319,7.085740204,2514,day29-E2-15-UV,7,7,0.46291005,7.534971645,1.288390993,56,0.022275259,Unvaccinated,day29-E2
101,day29-E2-16-UV,82690.00,-0.438446049,-0.032504811,0.165511157,day29-E2-16-UV,,3B16S03,16UV (10/13),Frog,E2,day29-E2,R939-1S-03,AGGCAGAA,F515Y-03-B,TCGAGAGT,26.8,16S_03,16-UV,UV,UVC+UV,Yes,(10/13),BACTERIA,16UV (10/13),16UV (10/13),3BITS15,ITS4R-04-03,TGCTTGCT,ITS86F-15-B,TGACCGTT,21.1,ITS_15,FUNGI,95,96.11111111,1.575236081,97.55932422,4.683938051,9589,day29-E2-16-UV,84,87.21428571,2.915508813,89.39205717,4.573597015,2514,day29-E2-16-UV,7,7,0,7,1.195228609,69,0.027446301,Unvaccinated,day29-E2
102,day29-E2-17-UV,30710.00,-0.344373164,-0.112893631,-0.230616373,day29-E2-17-UV,,1H16S03,17UV (10/13),Frog,E2,day29-E2,R939-1S-01,TAAGGCGA,F515Y-03-H,CCTTCCAT,26.8,16S_03,17-UV,UV,UVC+UV,Yes,(10/13),BACTERIA,17UV (10/13),17UV (10/13),1HITS15,ITS4R-04-01,AGTATGCC,ITS86F-15-H,GCTTCACA,1.52,ITS_15,FUNGI,81,84.33333333,4.124031614,83.15865385,4.055074987,3868,day29-E2-17-UV,79,80.42857143,1.934134859,81.09906261,4.462103458,2514,day29-E2-17-UV,7,7,0,7,1.309307341,97,0.03858393,Unvaccinated,day29-E2
103,day29-E2-18-UV,36910.00,-0.273867631,-0.110872381,-0.241878787,day29-E2-18-UV,,5D16S03,18UV (10/13),Frog,E2,day29-E2,R939-1S-05,GGACTCCT,F515Y-03-D,GTGATCCA,24.4,16S_03,18-UV,UV,UVC+UV,Yes,(10/13),BACTERIA,18UV (10/13),18UV (10/13),5DITS15,ITS4R-04-05,AACCAGAG,ITS86F-15-D,TAGTGCCA,3.11,ITS_15,FUNGI,71,72,1.580040435,72.35739907,4.199922391,2923,day29-E2-18-UV,71,74,3.417680579,73.12366514,4.18069111,2514,day29-E2-18-UV,3,3,0,3,0.816496581,210,0.08353222,Unvaccinated,day29-E2
104,day29-E2-19-UV,15580.00,0.117116753,-0.108991612,-0.176564023,day29-E2-19-UV,,2C16S03,19UV (10/13),Frog,E2,day29-E2,R939-1S-02,CGTACTAG,F515Y-03-C,ACAGGCAT,38.1,16S_03,19-UV,UV,UVC+UV,Yes,(10/13),BACTERIA,19UV (10/13),19UV (10/13),2CITS15,ITS4R-04-02,TACTGCTC,ITS86F-15-C,AGACCTTG,2.77,ITS_15,FUNGI,338,385.1428571,18.70753765,370.5619685,9.365568431,24989,day29-E2-19-UV,222,312.0333333,28.20202544,295.5517963,8.545348508,2514,day29-E2-19-UV,10,13,4.12543704,14.33520661,1.852734248,72,0.028639618,Unvaccinated,day29-E2
105,day29-E2-20-UV,22560.00,0.19159608,0.140126091,-0.122294457,day29-E2-20-UV,,5A16S03,20UV (10/13),Frog,E2,day29-E2,R939-1S-05,GGACTCCT,F515Y-03-A,CCACATTG,34.7,16S_03,20-UV,UV,UVC+UV,Yes,(10/13),BACTERIA,20UV (10/13),20UV (10/13),5AITS15,ITS4R-04-05,AACCAGAG,ITS86F-15-A,GGAGGAAT,2.41,ITS_15,FUNGI,102,104.1,2.334820659,104.6123892,5.070209423,2726,day29-E2-20-UV,101,106.1428571,4.65124044,104.4907899,5.043613291,2514,day29-E2-20-UV,11,11,0.476731295,11.35422741,1.595043043,523,0.208035004,Unvaccinated,day29-E2
106,day29-E2-21-UVC,0.00,0.077752061,-0.249934573,-0.039504367,day29-E2-21-UVC,,8A16S03,21UVC (10/13),Frog,E2,day29-E2,R939-1S-08,CGAGGCTG,F515Y-03-A,CCACATTG,29.5,16S_03,21-UVC,UVC,UVC+UV,No,(10/13),BACTERIA,21UVC (10/13),21UVC (10/13),8AITS15,ITS4R-04-08,CCATGAAC,ITS86F-15-A,GGAGGAAT,6.97,ITS_15,FUNGI,98,100.5,2.898510178,100.2671642,4.838593919,3011,day29-E2-21-UVC,98,102.5,4.106416009,102.1815041,4.979137721,2514,day29-E2-21-UVC,4,4,0,4,0.866025404,164,0.065234686,Unvaccinated,day29-E2
107,day29-E2-22-UVC,0.00,0.22022282,-0.207382871,0.009455062,day29-E2-22-UVC,,7C16S03,22UVC (10/13),Frog,E2,day29-E2,R939-1S-07,CTCTCTAC,F515Y-03-C,ACAGGCAT,36.8,16S_03,22-UVC,UVC,UVC+UV,No,(10/13),BACTERIA,22UVC (10/13),22UVC (10/13),7CITS15,ITS4R-04-07,ATAGTCGG,ITS86F-15-C,AGACCTTG,1.81,ITS_15,FUNGI,171,181,6.657394565,181.7213787,6.379291123,7983,day29-E2-22-UVC,149,161.2142857,7.4345029,158.6524775,6.175804209,2514,day29-E2-22-UVC,9,9,0,9,1.490711985,198,0.07875895,Unvaccinated,day29-E2
108,day29-E2-25-UVC,0.00,0.224862573,-0.199867035,-0.016106161,day29-E2-25-UVC,,8E16S03,25UVC (10/13),Frog,E2,day29-E2,R939-1S-08,CGAGGCTG,F515Y-03-E,TTCGTACG,49.1,16S_03,25-UVC,UVC,UVC+UV,No,(10/13),BACTERIA,25UVC (10/13),25UVC (10/13),8EITS15,ITS4R-04-08,CCATGAAC,ITS86F-15-E,GCTCAGTT,11.5,ITS_15,FUNGI,214,229.4,8.679913418,226.325982,7.303955753,8681,day29-E2-25-UVC,181,216.2857143,14.92661606,214.3331713,7.443181697,2514,day29-E2-25-UVC,10,11,2.266354702,11.01378772,1.626492297,137,0.054494829,Unvaccinated,day29-E2
109,day29-E2-26-UVC,0.00,0.241381323,-0.13586615,-0.019196479,day29-E2-26-UVC,,7D16S03,26UVC (10/13),Frog,E2,day29-E2,R939-1S-07,CTCTCTAC,F515Y-03-D,GTGATCCA,38,16S_03,26-UVC,UVC,UVC+UV,No,(10/13),BACTERIA,26UVC (10/13),26UVC (10/13),7DITS15,ITS4R-04-07,ATAGTCGG,ITS86F-15-D,TAGTGCCA,3.17,ITS_15,FUNGI,227,268.3333333,19.80541431,254.0917594,7.647305253,10019,day29-E2-26-UVC,183,192.625,5.565585285,193.729586,6.667964436,2514,day29-E2-26-UVC,12,13,2.278663576,12.92961148,1.709636034,129,0.051312649,Unvaccinated,day29-E2
110,day29-E2-27-UVC,0.00,0.163401055,-0.214308577,0.006732917,day29-E2-27-UVC,,7A16S03,27UVC (10/13),Frog,E2,day29-E2,R939-1S-07,CTCTCTAC,F515Y-03-A,CCACATTG,31.8,16S_03,27-UVC,UVC,UVC+UV,No,(10/13),BACTERIA,27UVC (10/13),27UVC (10/13),7AITS15,ITS4R-04-07,ATAGTCGG,ITS86F-15-A,GGAGGAAT,2.04,ITS_15,FUNGI,117,120,3.418771709,118.9871317,5.15145131,4623,day29-E2-27-UVC,114,117.5,3.444359693,117.0656639,5.333351173,2514,day29-E2-27-UVC,6,6,0,6,1.154700538,160,0.063643596,Unvaccinated,day29-E2
111,day29-E2-28-UVC,0.00,0.208762105,-0.185704325,0.009316183,day29-E2-28-UVC,,7E16S03,28UVC (10/13),Frog,E2,day29-E2,R939-1S-07,CTCTCTAC,F515Y-03-E,TTCGTACG,40.9,16S_03,28-UVC,UVC,UVC+UV,No,(10/13),BACTERIA,28UVC (10/13),28UVC (10/13),7EITS15,ITS4R-04-07,ATAGTCGG,ITS86F-15-E,GCTCAGTT,12.8,ITS_15,FUNGI,224,237.9090909,8.685469058,232.7831226,7.291822582,10898,day29-E2-28-UVC,179,191.037037,6.355426643,192.3863431,6.368576908,2514,day29-E2-28-UVC,8,8,0,8,1.414213562,325,0.129276054,Unvaccinated,day29-E2
112,day29-E2-29-UVC,0.00,0.25350796,-0.091992413,0.023109194,day29-E2-29-UVC,,8D16S03,29UVC (10/13),Frog,E2,day29-E2,R939-1S-08,CGAGGCTG,F515Y-03-D,GTGATCCA,49.1,16S_03,29-UVC,UVC,UVC+UV,No,(10/13),BACTERIA,29UVC (10/13),29UVC (10/13),8DITS15,ITS4R-04-08,CCATGAAC,ITS86F-15-D,TAGTGCCA,5.59,ITS_15,FUNGI,286,326.6153846,19.07716746,303.9090791,8.531971481,11154,day29-E2-29-UVC,233,267.5,13.36605943,264.7827916,7.846426008,2514,day29-E2-29-UVC,7,7,0,7,1.309307341,94,0.037390613,Unvaccinated,day29-E2
113,day29-E2-30-UVC,0.00,0.174998025,-0.223620386,0.044518391,day29-E2-30-UVC,,8F16S03,30UVC (10/13),Frog,E2,day29-E2,R939-1S-08,CGAGGCTG,F515Y-03-F,ATGACAGG,43.6,16S_03,30-UVC,UVC,UVC+UV,No,(10/13),BACTERIA,30UVC (10/13),30UVC (10/13),8FITS15,ITS4R-04-08,CCATGAAC,ITS86F-15-F,ACCAAGCA,8.08,ITS_15,FUNGI,254,286.5,17.22077931,268.3543712,7.893065995,11427,day29-E2-30-UVC,211,248.1428571,15.5305768,236.185053,7.296255398,2514,day29-E2-30-UVC,8,8,0,8,1.224744871,91,0.036197295,Unvaccinated,day29-E2
114,day29-E2-31-UTA,0.00,-0.00037482,-0.067263039,-0.008927823,day29-E2-31-UTA,,8B16S03,31UTA (10/13),Frog,E2,day29-E2,R939-1S-08,CGAGGCTG,F515Y-03-B,TCGAGAGT,41.8,16S_03,31-UTA,UTA,UTA,No,(10/13),BACTERIA,31UTA (10/13),31UTA (10/13),8BITS15,ITS4R-04-08,CCATGAAC,ITS86F-15-B,TGACCGTT,14.2,ITS_15,FUNGI,142,182,28.65763551,150.4107456,5.939522833,9669,day29-E2-31-UTA,120,130.0588235,6.176663176,132.2237757,5.562408356,2514,day29-E2-31-UTA,7,7,0,7,1.309307341,103,0.040970565,Untreated Control,day29-E2
115,day29-E2-34-UTA,0.00,0.144460089,-0.113930465,0.01270624,day29-E2-34-UTA,,7F16S03,34UTA (10/13),Frog,E2,day29-E2,R939-1S-07,CTCTCTAC,F515Y-03-F,ATGACAGG,38.7,16S_03,34-UTA,UTA,UTA,No,(10/13),BACTERIA,34UTA (10/13),34UTA (10/13),7FITS15,ITS4R-04-07,ATAGTCGG,ITS86F-15-F,ACCAAGCA,12.5,ITS_15,FUNGI,257,282.3,14.11728119,267.3431164,7.898399964,11466,day29-E2-34-UTA,211,232.1714286,8.988674254,234.2455359,6.908410218,2514,day29-E2-34-UTA,10,10,0.237170825,10.38714973,1.485071343,212,0.084327765,Untreated Control,day29-E2
116,day29-E2-37-UTA,0.00,0.24645099,-0.206229355,0.04346632,day29-E2-37-UTA,,8H16S03,37UTA (10/13),Frog,E2,day29-E2,R939-1S-08,CGAGGCTG,F515Y-03-H,CCTTCCAT,27.8,16S_03,37-UTA,UTA,UTA,No,(10/13),BACTERIA,37UTA (10/13),37UTA (10/13),8HITS15,ITS4R-04-08,CCATGAAC,ITS86F-15-H,GCTTCACA,10.3,ITS_15,FUNGI,251,278.2727273,14.58477127,264.7553134,7.811424623,17033,day29-E2-37-UTA,195,220.8,10.37640091,228.448372,7.264878404,2514,day29-E2-37-UTA,12,12.25,0.731434762,13.16179337,1.733386121,73,0.029037391,Untreated Control,day29-E2
117,day29-E2-38-UTA,0.00,0.261927219,0.090740451,0.017339328,day29-E2-38-UTA,,7H16S03,38UTA (10/13),Frog,E2,day29-E2,R939-1S-07,CTCTCTAC,F515Y-03-H,CCTTCCAT,35.4,16S_03,38-UTA,UTA,UTA,No,(10/13),BACTERIA,38UTA (10/13),38UTA (10/13),7HITS15,ITS4R-04-07,ATAGTCGG,ITS86F-15-H,GCTTCACA,33.8,ITS_15,FUNGI,223,250.2,18.17967669,229.5621835,7.241788122,12766,day29-E2-38-UTA,187,202.1621622,7.005396287,209.7278583,6.885895657,2514,day29-E2-38-UTA,15,18,4.541475531,18.45247934,2.146488202,538,0.214001591,Untreated Control,day29-E2
118,day29-E2-39-UTA,0.00,0.174178413,-0.287540864,0.038254515,day29-E2-39-UTA,,9H16S03,39UTA (10/13),Frog,E2,day29-E2,R939-1S-09,AAGAGGCA,F515Y-03-H,CCTTCCAT,56,16S_03,39-UTA,UTA,UTA,No,(10/13),BACTERIA,39UTA (10/13),39UTA (10/13),9HITS15,ITS4R-04-09,GAGCAATC,ITS86F-15-H,GCTTCACA,21.8,ITS_15,FUNGI,141,148.5,6.352378845,144.8717579,5.89547925,5369,day29-E2-39-UTA,132,140.5714286,5.748623836,139.6575445,5.61595932,2514,day29-E2-39-UTA,8,8.5,1.273312031,9.339517625,1.389390681,99,0.039379475,Untreated Control,day29-E2
119,day29-E2-42-V,719700.00,-0.403113007,0.067104501,0.243243311,day29-E2-42-V,,3C16S03,42V (10/13),Frog,E2,day29-E2,R939-1S-03,AGGCAGAA,F515Y-03-C,ACAGGCAT,24.5,16S_03,42-V,V,VC+V,Yes,(10/13),BACTERIA,42V (10/13),42V (10/13),3CITS15,ITS4R-04-03,TGCTTGCT,ITS86F-15-C,AGACCTTG,2.89,ITS_15,FUNGI,105,106.6666667,2.204642378,106.6239702,4.994794164,9514,day29-E2-42-V,94,98.4,3.557115444,100.3511997,4.845119203,2514,day29-E2-42-V,8,8,0.233853587,8.613702624,1.399363695,127,0.050517104,Vaccinated,day29-E2
120,day29-E2-44-V,13240.00,0.147364554,0.360668848,0.128767395,day29-E2-44-V,,5B16S03,44V (10/13),Frog,E2,day29-E2,R939-1S-05,GGACTCCT,F515Y-03-B,TCGAGAGT,49.4,16S_03,44-V,V,VC+V,Yes,(10/13),BACTERIA,44V (10/13),44V (10/13),5BITS15,ITS4R-04-05,AACCAGAG,ITS86F-15-B,TGACCGTT,2,ITS_15,FUNGI,131,134.6,3.356192122,135.3726198,5.619213512,7119,day29-E2-44-V,115,118.8823529,3.194578635,120.5312506,5.304082782,2514,day29-E2-44-V,18,18,0,18,2.108185107,330,0.131264916,Vaccinated,day29-E2
121,day29-E2-48-V,6742000.00,-0.329278978,0.054798335,0.259593336,day29-E2-48-V,,3H16S03,48V (10/13),Frog,E2,day29-E2,R939-1S-03,AGGCAGAA,F515Y-03-H,CCTTCCAT,23,16S_03,48-V,V,VC+V,Yes,(10/13),BACTERIA,48V (10/13),48V (10/13),3HITS15,ITS4R-04-03,TGCTTGCT,ITS86F-15-H,GCTTCACA,3.79,ITS_15,FUNGI,112,112.6,1.185762789,112.6331535,5.115162036,6587,day29-E2-48-V,108,110.5,2.368935369,112.4904998,5.055782972,2514,day29-E2-48-V,6,6,0,6,1.154700538,85,0.03381066,Vaccinated,day29-E2
122,day29-E2-49-V,58910.00,-0.386937286,-0.055205276,-0.097644451,day29-E2-49-V,,2D16S03,49V (10/13),Frog,E2,day29-E2,R939-1S-02,CGTACTAG,F515Y-03-D,GTGATCCA,29.9,16S_03,49-V,V,VC+V,Yes,(10/13),BACTERIA,49V (10/13),49V (10/13),2DITS15,ITS4R-04-02,TACTGCTC,ITS86F-15-D,TAGTGCCA,5.91,ITS_15,FUNGI,204,213.1,6.485039416,211.4123834,6.737847539,35946,day29-E2-49-V,136,155.3333333,9.470019081,158.7149686,6.185094618,2514,day29-E2-49-V,4,4,0,4,0,19,0.007557677,Vaccinated,day29-E2
123,day29-E2-50-V,1072.00,0.19867639,0.364294444,0.054654241,day29-E2-50-V,,2A16S03,50V (10/13),Frog,E2,day29-E2,R939-1S-02,CGTACTAG,F515Y-03-A,CCACATTG,32.8,16S_03,50-V,V,VC+V,Yes,(10/13),BACTERIA,50V (10/13),50V (10/13),2AITS15,ITS4R-04-02,TACTGCTC,ITS86F-15-A,GGAGGAAT,2.67,ITS_15,FUNGI,147,147.375,0.82642415,147.6801701,6.00746462,5456,day29-E2-50-V,139,140.75,1.919983925,141.9822709,5.587141431,2514,day29-E2-50-V,10,10,0,10,1.449137675,421,0.167462212,Vaccinated,day29-E2
124,day29-E2-51-V,56300.00,-0.394594045,-0.015830329,0.23922167,day29-E2-51-V,,3F16S03,51V (10/13),Frog,E2,day29-E2,R939-1S-03,AGGCAGAA,F515Y-03-F,ATGACAGG,24.3,16S_03,51-V,V,VC+V,Yes,(10/13),BACTERIA,51V (10/13),51V (10/13),3FITS15,ITS4R-04-03,TGCTTGCT,ITS86F-15-F,ACCAAGCA,3.35,ITS_15,FUNGI,114,114.75,1.255435656,115.3056185,4.963552824,9705,day29-E2-51-V,103,114.3333333,7.298067863,114.0907775,5.25597551,2514,day29-E2-51-V,3,3,0,3,0.816496581,45,0.017899761,Vaccinated,day29-E2
125,day29-E2-53-V,688500.00,-0.298604931,0.006076437,-0.098319799,day29-E2-53-V,,4E16S03,53V (10/13),Frog,E2,day29-E2,R939-1S-04,TCCTGAGC,F515Y-03-E,TTCGTACG,13.2,16S_03,53-V,V,VC+V,Yes,(10/13),BACTERIA,53V (10/13),53V (10/13),4EITS15,ITS4R-04-04,TCCACGTT,ITS86F-15-E,GCTCAGTT,3.02,ITS_15,FUNGI,243,246.4736842,2.910403793,248.2155247,7.377529602,37322,day29-E2-53-V,158,181.15625,9.789397326,191.0272397,6.672365189,2514,day29-E2-53-V,10,12,2.860976264,14.92598517,1.888735852,75,0.029832936,Vaccinated,day29-E2
126,day29-E2-54-V,615.00,0.178427184,0.073126043,-0.018912922,day29-E2-54-V,,2G16S03,54V (10/13),Frog,E2,day29-E2,R939-1S-02,CGTACTAG,F515Y-03-G,TAACGTCG,35.3,16S_03,54-V,V,VC+V,Yes,(10/13),BACTERIA,54V (10/13),54V (10/13),2GITS15,ITS4R-04-02,TACTGCTC,ITS86F-15-G,ATGAGTGC,2.25,ITS_15,FUNGI,274,289.7894737,8.353515853,286.2583382,8.327825319,21615,day29-E2-54-V,190,245.1,19.13019525,246.5987278,7.901669505,2514,day29-E2-54-V,9,9.5,1.276044464,10.9476584,1.53872979,181,0.071996818,Vaccinated,day29-E2
127,day29-E2-55-V,42220.00,-0.072884189,0.058232785,-0.145926463,day29-E2-55-V,,2F16S03,55V (10/13),Frog,E2,day29-E2,R939-1S-02,CGTACTAG,F515Y-03-F,ATGACAGG,31.6,16S_03,55-V,V,VC+V,Yes,(10/13),BACTERIA,55V (10/13),55V (10/13),2FITS15,ITS4R-04-02,TACTGCTC,ITS86F-15-F,ACCAAGCA,2.25,ITS_15,FUNGI,288,306.6,8.83284755,310.1977651,8.381556216,33818,day29-E2-55-V,173,228.4347826,20.71342895,219.6331653,7.30551965,2514,day29-E2-55-V,9,9.2,0.61655424,10.12001437,1.099987182,24,0.009546539,Vaccinated,day29-E2
128,day29-E2-58-V,9770.00,-0.01978663,0.298097089,-0.155179345,day29-E2-58-V,,4F16S03,58V (10/13),Frog,E2,day29-E2,R939-1S-04,TCCTGAGC,F515Y-03-F,ATGACAGG,14.2,16S_03,58-V,V,VC+V,Yes,(10/13),BACTERIA,58V (10/13),58V (10/13),4FITS15,ITS4R-04-04,TCCACGTT,ITS86F-15-F,ACCAAGCA,1.74,ITS_15,FUNGI,210,225.5454545,9.44649151,219.4881195,7.257029629,21792,day29-E2-58-V,154,214.8823529,24.40292751,194.9546703,6.835411664,2514,day29-E2-58-V,7,7,0,7,0.9258201,38,0.015115354,Vaccinated,day29-E2
129,day29-E2-59-V,30350.00,-0.011370439,0.206905463,-0.222598507,day29-E2-59-V,,4G16S03,59V (10/13),Frog,E2,day29-E2,R939-1S-04,TCCTGAGC,F515Y-03-G,TAACGTCG,15.8,16S_03,59-V,V,VC+V,Yes,(10/13),BACTERIA,59V (10/13),59V (10/13),4GITS15,ITS4R-04-04,TCCACGTT,ITS86F-15-G,ATGAGTGC,1.66,ITS_15,FUNGI,215,230.5454545,9.446517895,223.4592707,7.315307918,13444,day29-E2-59-V,172,211.2608696,15.81625494,205.8948858,6.884091118,2514,day29-E2-59-V,12,13,2.278663576,12.8489229,1.463143136,154,0.061256961,Vaccinated,day29-E2
130,day29-E2-60-V,18.00,0.207563211,0.344050244,-0.062874723,day29-E2-60-V,,5H16S03,60V (10/13),Frog,E2,day29-E2,R939-1S-05,GGACTCCT,F515Y-03-H,CCTTCCAT,44.6,16S_03,60-V,V,VC+V,Yes,(10/13),BACTERIA,60V (10/13),60V (10/13),5HITS15,ITS4R-04-05,AACCAGAG,ITS86F-15-H,GCTTCACA,7.86,ITS_15,FUNGI,145,149,3.890255933,147.534494,5.979262181,7400,day29-E2-60-V,133,137.1363636,3.185677932,139.4397044,5.523674444,2514,day29-E2-60-V,11,11,0,11,1.651445648,281,0.111774065,Vaccinated,day29-E2
131,day29-E2-61-VC,0.00,0.211143879,-0.078583112,0.119011607,day29-E2-61-VC,,8G16S03,61VC (10/13),Frog,E2,day29-E2,R939-1S-08,CGAGGCTG,F515Y-03-G,TAACGTCG,38.4,16S_03,61-VC,VC,VC+V,No,(10/13),BACTERIA,61VC (10/13),61VC (10/13),8GITS15,ITS4R-04-08,CCATGAAC,ITS86F-15-G,ATGAGTGC,4.24,ITS_15,FUNGI,264,272.5,5.413068932,272.8172889,7.969966886,9973,day29-E2-61-VC,228,252.1176471,9.944359203,254.4475545,7.635291303,2514,day29-E2-61-VC,13,13,0,13,1.754116039,356,0.141607001,Vaccinated,day29-E2
132,day29-E2-62-VC,0.00,0.247247659,0.201687579,0.224305995,day29-E2-62-VC,,8C16S03,62VC (10/13),Frog,E2,day29-E2,R939-1S-08,CGAGGCTG,F515Y-03-C,ACAGGCAT,45.3,16S_03,62-VC,VC,VC+V,No,(10/13),BACTERIA,62VC (10/13),62VC (10/13),8CITS15,ITS4R-04-08,CCATGAAC,ITS86F-15-C,AGACCTTG,4.68,ITS_15,FUNGI,144,147,2.863645873,147.9745098,5.894036644,5525,day29-E2-62-VC,128,130.5,2.368986191,132.0900559,5.537407956,2514,day29-E2-62-VC,9,9,0.471404521,NA,NA,394,0.156722355,Vaccinated,day29-E2
133,day29-E2-64-VC,0.00,0.261999967,0.09094927,0.266251009,day29-E2-64-VC,,7G16S03,64VC (10/13),Frog,E2,day29-E2,R939-1S-07,CTCTCTAC,F515Y-03-G,TAACGTCG,39.9,16S_03,64-VC,VC,VC+V,No,(10/13),BACTERIA,64VC (10/13),64VC (10/13),7GITS15,ITS4R-04-07,ATAGTCGG,ITS86F-15-G,ATGAGTGC,8.25,ITS_15,FUNGI,212,239.1428571,16.50580557,221.0365738,7.219751087,5685,day29-E2-64-VC,196,214.75,9.896957404,209.0162018,6.966038987,2514,day29-E2-64-VC,16,17,2.29449469,17.13368398,1.959328538,277,0.110182975,Vaccinated,day29-E2
134,day29-E2-66-VC,0.00,0.026441437,-0.123080659,0.280989432,day29-E2-66-VC,,7B16S03,66VC (10/13),Frog,E2,day29-E2,R939-1S-07,CTCTCTAC,F515Y-03-B,TCGAGAGT,36.2,16S_03,66-VC,VC,VC+V,No,(10/13),BACTERIA,66VC (10/13),66VC (10/13),7BITS15,ITS4R-04-07,ATAGTCGG,ITS86F-15-B,TGACCGTT,1.34,ITS_15,FUNGI,89,99,10.47242652,90.38796275,4.657487014,2549,day29-E2-66-VC,88,91,4.175083075,89.07353387,4.63377439,2514,day29-E2-66-VC,2,2,0,2,0.707106781,42,0.016706444,Vaccinated,day29-E2
135,day29-E2-69-VC,0.00,0.172115996,0.02174904,0.065374138,day29-E2-69-VC,,9G16S03,69VC (10/13),Frog,E2,day29-E2,R939-1S-09,AAGAGGCA,F515Y-03-G,TAACGTCG,59,16S_03,69-VC,VC,VC+V,No,(10/13),BACTERIA,69VC (10/13),69VC (10/13),9GITS15,ITS4R-04-09,GAGCAATC,ITS86F-15-G,ATGAGTGC,26.1,ITS_15,FUNGI,241,261,10.56244986,255.4157238,7.721667695,6440,day29-E2-69-VC,211,232,10.46315107,223.8128176,6.993063317,2514,day29-E2-69-VC,13,13,0,13,1.797434069,232,0.092283214,Vaccinated,day29-E2
136,day29-E2-72-V,635700.00,-0.275623872,0.157354175,0.154532051,day29-E2-72-V,,2E16S03,72V (10/13),Frog,E2,day29-E2,R939-1S-02,CGTACTAG,F515Y-03-E,TTCGTACG,36.9,16S_03,72-V,V,VC+V,Yes,(10/13),BACTERIA,72V (10/13),72V (10/13),2EITS15,ITS4R-04-02,TACTGCTC,ITS86F-15-E,GCTCAGTT,2.24,ITS_15,FUNGI,143,170.2,18.17704245,154.3826487,5.707577145,17111,day29-E2-72-V,107,115.0526316,5.15256983,119.3011095,5.367475583,2514,day29-E2-72-V,12,12.2,0.617801496,13,1.732656524,138,0.054892601,Vaccinated,day29-E2
137,day14-E2-01-UV,10680.00,0.237582693,-0.025842582,0.190747134,day14-E2-01-UV,,9G16S02,01UV (9/28),Frog,E2,day14-E2,R939-1S-09,AAGAGGCA,F515Y-02-G,AGCCAACT,20.6,16S_02,01-UV,UV,UVC+UV,Yes,(9/28),BACTERIA,01UV (9/28),9GITS06,01UV (9/28),ITS4R-04-09,GAGCAATC,ITS86F-06-G,CTCGGTAA,7.07,ITS_6,FUNGI,124,136,10.77160961,127.0253717,5.432926404,4425,day14-E2-01-UV,117,118.6666667,2.044380137,118.8503225,5.355495633,2514,day14-E2-01-UV,10,10,0,10,1.58113883,177,0.070405728,Unvaccinated,day14-E2
138,day14-E2-02-UV,8812.00,-0.283252024,-0.137628209,0.150644542,day14-E2-02-UV,,9A16S02,02UV (9/28),Frog,E2,day14-E2,R939-1S-09,AAGAGGCA,F515Y-02-A,TTCTAGCT,11.4,16S_02,02-UV,UV,UVC+UV,Yes,(9/28),BACTERIA,02UV (9/28),9AITS06,02UV (9/28),ITS4R-04-09,GAGCAATC,ITS86F-06-A,CATTGACG,2.42,ITS_6,FUNGI,141,150,8.046874393,143.8027729,5.819316857,8998,day14-E2-02-UV,124,130,4.161277541,133.7920793,5.615130326,2514,day14-E2-02-UV,18,18,0,18,2.068278941,829,0.329753381,Unvaccinated,day14-E2
139,day14-E2-03-UV,23860.00,0.122092114,-0.027206779,0.153049458,day14-E2-03-UV,,10A16S02,03UV (9/28),Frog,E2,day14-E2,R939-1S-10,GTAGAGGA,F515Y-02-A,TTCTAGCT,19.3,16S_02,03-UV,UV,UVC+UV,Yes,(9/28),BACTERIA,03UV (9/28),10AITS06,03UV (9/28),ITS4R-04-10,CAACTTGG,ITS86F-06-A,CATTGACG,13.7,ITS_6,FUNGI,138,168,20.93950328,147.6060791,5.824974738,6977,day14-E2-03-UV,120,129.1,6.484429178,126.5638104,5.468138978,2514,day14-E2-03-UV,17,17,0.48507125,17.33749936,1.977535211,326,0.129673827,Unvaccinated,day14-E2
140,day14-E2-04-UV,314.00,0.035417939,0.010595897,0.036805979,day14-E2-04-UV,,9H16S02,04UV (9/28),Frog,E2,day14-E2,R939-1S-09,AAGAGGCA,F515Y-02-H,ATAACGCC,57,16S_02,04-UV,UV,UVC+UV,Yes,(9/28),BACTERIA,04UV (9/28),9HITS06,04UV (9/28),ITS4R-04-09,GAGCAATC,ITS86F-06-H,AGCTTCAG,11.2,ITS_6,FUNGI,282,293.875,7.05962499,290.8434915,8.180916917,18459,day14-E2-04-UV,207,245.8965517,14.76563967,247.192822,7.786044557,2514,day14-E2-04-UV,11,11,0.238365647,11.67305005,1.718327361,315,0.125298329,Unvaccinated,day14-E2
141,day14-E2-05-UV,29870.00,0.138870371,-0.072106648,0.313145119,day14-E2-05-UV,,11A16S02,05UV (9/28),Frog,E2,day14-E2,R939-1S-11,GCTCATGA,F515Y-02-A,TTCTAGCT,16.3,16S_02,05-UV,UV,UVC+UV,Yes,(9/28),BACTERIA,05UV (9/28),11AITS06,05UV (9/28),ITS4R-04-11,CCACAACA,ITS86F-06-A,CATTGACG,1.84,ITS_6,FUNGI,144,146.1428571,2.530911105,145.6681899,5.888897614,7764,day14-E2-05-UV,132,153,12.20154281,144.1336543,5.778594717,2514,day14-E2-05-UV,13,13,0,13,1.797434069,343,0.136435959,Unvaccinated,day14-E2
142,day14-E2-06-UV,85760.00,0.252809146,0.20042234,0.108778691,day14-E2-06-UV,,11G16S02,06UV (9/28),Frog,E2,day14-E2,R939-1S-11,GCTCATGA,F515Y-02-G,AGCCAACT,20,16S_02,06-UV,UV,UVC+UV,Yes,(9/28),BACTERIA,06UV (9/28),11GITS06,06UV (9/28),ITS4R-04-11,CCACAACA,ITS86F-06-G,CTCGGTAA,3.52,ITS_6,FUNGI,147,154,6.65307394,149.1651451,5.890311188,5351,day14-E2-06-UV,140,155,9.980909196,146.7099584,5.83353991,2514,day14-E2-06-UV,7,7,0,7,1.195228609,210,0.08353222,Unvaccinated,day14-E2
143,day14-E2-07-UV,933.00,0.298086268,0.208511381,0.210626415,day14-E2-07-UV,,12A16S02,07UV (9/28),Frog,E2,day14-E2,R939-1S-12,ATCTCAGG,F515Y-02-A,TTCTAGCT,16.5,16S_02,07-UV,UV,UVC+UV,Yes,(9/28),BACTERIA,07UV (9/28),12AITS06,07UV (9/28),ITS4R-04-12,TGGTGAAG,ITS86F-06-A,CATTGACG,2.03,ITS_6,FUNGI,186,202.5,12.90651483,190.3395291,6.236989091,12606,day14-E2-07-UV,160,168.4,5.022599932,170.9906947,6.136935723,2514,day14-E2-07-UV,11,12,2.273030283,12.13368398,1.648099102,96,0.038186158,Unvaccinated,day14-E2
144,day14-E2-09-UV,380.00,-0.182336909,0.074486893,0.208554164,day14-E2-09-UV,,9F16S02,09UV (9/28),Frog,E2,day14-E2,R939-1S-09,AAGAGGCA,F515Y-02-F,TTATGCGA,19.2,16S_02,09-UV,UV,UVC+UV,Yes,(9/28),BACTERIA,09UV (9/28),9FITS06,09UV (9/28),ITS4R-04-09,GAGCAATC,ITS86F-06-F,AACAAGGC,3.89,ITS_6,FUNGI,94,97.75,4.207295654,96.52521004,4.699904574,3007,day14-E2-09-UV,89,89.5,1.026797979,89.89325305,4.67962276,2514,day14-E2-09-UV,5,5,0,NA,NA,220,0.087509944,Unvaccinated,day14-E2
145,day14-E2-10-UV,0.00,-0.38165043,0.019981764,0.046385552,day14-E2-10-UV,,9B16S02,10UV (9/28),Frog,E2,day14-E2,R939-1S-09,AAGAGGCA,F515Y-02-B,CCTAGAGT,32.7,16S_02,10-UV,UV,UVC+UV,Yes,(9/28),BACTERIA,10UV (9/28),9BITS06,10UV (9/28),ITS4R-04-09,GAGCAATC,ITS86F-06-B,TCTGGACA,2.33,ITS_6,FUNGI,136,141,4.1330837,140.5460061,5.785046489,6220,day14-E2-10-UV,125,141.5,9.295984836,139.3190969,5.73117441,2514,day14-E2-10-UV,10,10,0.237170825,10.74804688,1.589981188,258,0.102625298,Unvaccinated,day14-E2
146,day14-E2-11-UV,0.00,-0.153017902,-0.120146805,-0.050520535,day14-E2-11-UV,,10F16S02,11UV (9/28),Frog,E2,day14-E2,R939-1S-10,GTAGAGGA,F515Y-02-F,TTATGCGA,52,16S_02,11-UV,UV,UVC+UV,Yes,(9/28),BACTERIA,11UV (9/28),10FITS06,11UV (9/28),ITS4R-04-10,CAACTTGG,ITS86F-06-F,AACAAGGC,3.16,ITS_6,FUNGI,222,232.1111111,7.189769069,227.8474724,7.057503767,16256,day14-E2-11-UV,182,219.2727273,15.37744192,212.1866582,7.065799437,2514,day14-E2-11-UV,19,19,0,19,2.152110347,269,0.107000796,Unvaccinated,day14-E2
147,day14-E2-12-UV,4365.00,0.13107332,0.053741319,0.243726488,day14-E2-12-UV,,11B16S02,12UV (9/28),Frog,E2,day14-E2,R939-1S-11,GCTCATGA,F515Y-02-B,CCTAGAGT,49.2,16S_02,12-UV,UV,UVC+UV,Yes,(9/28),BACTERIA,12UV (9/28),11BITS06,12UV (9/28),ITS4R-04-11,CCACAACA,ITS86F-06-B,TCTGGACA,2.64,ITS_6,FUNGI,219,226.5833333,5.44871148,225.527487,6.999102949,15265,day14-E2-12-UV,182,201.0769231,8.91612012,200.690347,6.507712099,2514,day14-E2-12-UV,13,14,1.804425776,15.11971507,1.770446058,138,0.054892601,Unvaccinated,day14-E2
148,day14-E2-13-UV,399.00,0.179112111,-0.061812618,-0.220720661,day14-E2-13-UV,,11H16S02,13UV (9/28),Frog,E2,day14-E2,R939-1S-11,GCTCATGA,F515Y-02-H,ATAACGCC,17.5,16S_02,13-UV,UV,UVC+UV,Yes,(9/28),BACTERIA,13UV (9/28),11HITS06,13UV (9/28),ITS4R-04-11,CCACAACA,ITS86F-06-H,AGCTTCAG,1.3,ITS_6,FUNGI,109,116.2,6.438732623,112.9487234,5.071104191,4294,day14-E2-13-UV,103,106.6,3.356001373,107.4618507,5.118723987,2514,day14-E2-13-UV,6,6,0.456435465,7.09375,1.245315565,329,0.130867144,Unvaccinated,day14-E2
149,day14-E2-14-UV,3211.00,0.11024057,-0.024623625,0.183628364,day14-E2-14-UV,,12E16S02,14UV (9/28),Frog,E2,day14-E2,R939-1S-12,ATCTCAGG,F515Y-02-E,AAGGCTAT,22.6,16S_02,14-UV,UV,UVC+UV,Yes,(9/28),BACTERIA,14UV (9/28),12EIT06,14UV (9/28),ITS4R-04-12,TGGTGAAG,ITS86F-06-E,TAGGAGCT,6.13,ITS_6,FUNGI,237,276.4285714,22.36255314,253.4013414,7.111515442,20836,day14-E2-14-UV,179,201.1428571,10.47638829,197.3517623,6.65322186,2514,day14-E2-14-UV,15,15.5,1.284994038,16.64913434,2.045351025,337,0.134049324,Unvaccinated,day14-E2
150,day14-E2-16-UV,15580.00,0.186595965,-0.239273513,0.00125887,day14-E2-16-UV,,8E16S02,16UV (9/28),Frog,E2,day14-E2,R939-1S-08,CGAGGCTG,F515Y-02-E,AAGGCTAT,22.2,16S_02,16-UV,UV,UVC+UV,Yes,(9/28),BACTERIA,16UV (9/28),8EITS06,16UV (9/28),ITS4R-04-08,CCATGAAC,ITS86F-06-E,TAGGAGCT,3.4,ITS_6,FUNGI,104,109,5.536874811,105.9662618,5.00322054,4062,day14-E2-16-UV,100,102.5454545,2.607008344,103.3201638,4.95260697,2514,day14-E2-16-UV,14,14,0,14,1.8516402,340,0.135242641,Unvaccinated,day14-E2
151,day14-E2-19-UV,24.00,-0.005300173,-0.17955765,0.120081292,day14-E2-19-UV,,10G16S02,19UV (9/28),Frog,E2,day14-E2,R939-1S-10,GTAGAGGA,F515Y-02-G,AGCCAACT,60,16S_02,19-UV,UV,UVC+UV,Yes,(9/28),BACTERIA,19UV (9/28),10GITS06,19UV (9/28),ITS4R-04-10,CAACTTGG,ITS86F-06-G,CTCGGTAA,5.23,ITS_6,FUNGI,128,131,3.418919074,129.7897041,5.510562441,4800,day14-E2-19-UV,122,123.75,1.919951098,125.4368783,5.526648704,2514,day14-E2-19-UV,12,12,0,12,1.732050808,319,0.126889419,Unvaccinated,day14-E2
152,day14-E2-20-UV,597.00,0.180273433,0.076996472,0.066845956,day14-E2-20-UV,,10B16S02,20UV (9/28),Frog,E2,day14-E2,R939-1S-10,GTAGAGGA,F515Y-02-B,CCTAGAGT,55,16S_02,20-UV,UV,UVC+UV,Yes,(9/28),BACTERIA,20UV (9/28),10BITS06,20UV (9/28),ITS4R-04-10,CAACTTGG,ITS86F-06-B,TCTGGACA,3.72,ITS_6,FUNGI,219,221.4,2.376435201,222.232646,7.021670777,9987,day14-E2-20-UV,197,228.5,13.85740116,222.7086503,7.362810966,2514,day14-E2-20-UV,7,7,0.46291005,7.526239067,1.296318172,110,0.043754972,Unvaccinated,day14-E2
153,day14-E2-21-UVC,0.00,0.255451597,-0.016546692,0.168208277,day14-E2-21-UVC,,5F16S02,21UVC (9/28),Frog,E2,day14-E2,R939-1S-05,GGACTCCT,F515Y-02-F,TTATGCGA,19.6,16S_02,21-UVC,UVC,UVC+UV,No,(9/28),BACTERIA,21UVC (9/28),5FITS06,21UVC (9/28),ITS4R-04-05,AACCAGAG,ITS86F-06-F,AACAAGGC,2.57,ITS_6,FUNGI,143,149.875,5.565782158,148.1270547,5.941774527,6201,day14-E2-21-UVC,132,145.1538462,7.993524927,142.6924086,5.803506568,2514,day14-E2-21-UVC,10,10.5,1.278252155,11.0498732,1.521343037,124,0.049323787,Unvaccinated,day14-E2
154,day14-E2-24-UVC,0.00,-0.098667609,-0.069562673,-0.05098613,day14-E2-24-UVC,,7H16S02,24UVC (9/28),Frog,E2,day14-E2,R939-1S-07,CTCTCTAC,F515Y-02-H,ATAACGCC,42,16S_02,24-UVC,UVC,UVC+UV,No,(9/28),BACTERIA,24UVC (9/28),7HITS06,24UVC (9/28),ITS4R-04-07,ATAGTCGG,ITS86F-06-H,AGCTTCAG,1.38,ITS_6,FUNGI,149,162.3333333,8.849509063,157.8523796,5.988673025,6698,day14-E2-24-UVC,137,160.0769231,12.23267417,154.9509548,6.199434326,2514,day14-E2-24-UVC,12,12,0,12,1.732050808,390,0.155131265,Unvaccinated,day14-E2
155,day14-E2-26-UVC,0.00,-0.259421977,-0.030132964,0.034824834,day14-E2-26-UVC,,8B16S02,26UVC (9/28),Frog,E2,day14-E2,R939-1S-08,CGAGGCTG,F515Y-02-B,CCTAGAGT,54,16S_02,26-UVC,UVC,UVC+UV,No,(9/28),BACTERIA,26UVC (9/28),8BITS06,26UVC (9/28),ITS4R-04-08,CCATGAAC,ITS86F-06-B,TCTGGACA,1.95,ITS_6,FUNGI,198,204.6,5.136403457,202.1223622,6.983179389,10261,day14-E2-26-UVC,173,193.7777778,9.407753883,196.1173395,6.583160541,2514,day14-E2-26-UVC,10,10,0,10,1.449137675,464,0.184566428,Unvaccinated,day14-E2
156,day14-E2-27-UVC,0.00,0.079741045,-0.080650044,-0.200250216,day14-E2-27-UVC,,8A16S02,27UVC (9/28),Frog,E2,day14-E2,R939-1S-08,CGAGGCTG,F515Y-02-A,TTCTAGCT,9.6,16S_02,27-UVC,UVC,UVC+UV,No,(9/28),BACTERIA,27UVC (9/28),8AITS06,27UVC (9/28),ITS4R-04-08,CCATGAAC,ITS86F-06-A,CATTGACG,1.1,ITS_6,FUNGI,109,111.1428571,2.530681313,111.1303786,5.129710049,7542,day14-E2-27-UVC,97,102.0555556,3.777194735,105.8411142,4.99654879,2514,day14-E2-27-UVC,9,9,0.471404521,9.330741821,1.452031788,530,0.210819411,Unvaccinated,day14-E2
157,day14-E2-28-UVC,0.00,0.204531894,-0.031131627,0.015321015,day14-E2-28-UVC,,5B16S02,28UVC (9/28),Frog,E2,day14-E2,R939-1S-05,GGACTCCT,F515Y-02-B,CCTAGAGT,51,16S_02,28-UVC,UVC,UVC+UV,No,(9/28),BACTERIA,28UVC (9/28),5BITS06,28UVC (9/28),ITS4R-04-05,AACCAGAG,ITS86F-06-B,TCTGGACA,2.18,ITS_6,FUNGI,230,234.2307692,3.560249517,234.2543866,7.192238272,13095,day14-E2-28-UVC,192,215.3333333,10.24572055,216.097856,7.072922395,2514,day14-E2-28-UVC,15,30,13.62717872,23.05401794,2.515691637,127,0.050517104,Unvaccinated,day14-E2
158,day14-E2-29-UVC,0.00,0.117993728,-0.033217359,0.034468938,day14-E2-29-UVC,,4F16S02,29UVC (9/28),Frog,E2,day14-E2,R939-1S-04,TCCTGAGC,F515Y-02-F,TTATGCGA,40.6,16S_02,29-UVC,UVC,UVC+UV,No,(9/28),BACTERIA,29UVC (9/28),4FITS06,29UVC (9/28),ITS4R-04-04,TCCACGTT,ITS86F-06-F,AACAAGGC,12.2,ITS_6,FUNGI,269,277.5714286,5.749051697,275.5994983,7.990702405,10727,day14-E2-29-UVC,234,271.6,14.26437166,266.9683853,7.81735332,2514,day14-E2-29-UVC,11,11.33333333,0.916839952,12.29949821,1.642849231,124,0.049323787,Unvaccinated,day14-E2
159,day14-E2-30-UVC,0.00,0.264629908,-0.051343222,0.039929923,day14-E2-30-UVC,,5H16S02,30UVC (9/28),Frog,E2,day14-E2,R939-1S-05,GGACTCCT,F515Y-02-H,ATAACGCC,51,16S_02,30-UVC,UVC,UVC+UV,No,(9/28),BACTERIA,30UVC (9/28),5HITS06,30UVC (9/28),ITS4R-04-05,AACCAGAG,ITS86F-06-H,AGCTTCAG,2.24,ITS_6,FUNGI,252,270.75,9.897143018,266.0524091,7.869465623,13133,day14-E2-30-UVC,198,234.12,14.50744772,229.2057684,7.288058773,2514,day14-E2-30-UVC,8,8.5,1.273312031,10.23990773,1.634530204,54,0.021479714,Unvaccinated,day14-E2
160,day14-E2-32-UVC,0.00,0.120312695,-0.024715436,-0.015695535,day14-E2-32-UVC,,7A16S02,32UVC (9/28),Frog,E2,day14-E2,R939-1S-07,CTCTCTAC,F515Y-02-A,TTCTAGCT,11.8,16S_02,32-UVC,UVC,UVC+UV,No,(9/28),BACTERIA,32UVC (9/28),7AITS06,32UVC (9/28),ITS4R-04-07,ATAGTCGG,ITS86F-06-A,CATTGACG,1.71,ITS_6,FUNGI,161,166.1428571,4.651934446,164.5061365,6.052620696,14691,day14-E2-32-UVC,135,162.5555556,12.85923031,161.131099,6.257949539,2514,day14-E2-32-UVC,14,19,5.985179063,21.90776467,2.616839072,611,0.243038982,Unvaccinated,day14-E2
161,day14-E2-33-UTA,0.00,0.197542553,-0.243269907,-0.001151155,day14-E2-33-UTA,,4G16S02,33UTA (9/28),Frog,E2,day14-E2,R939-1S-04,TCCTGAGC,F515Y-02-G,AGCCAACT,17.1,16S_02,33-UTA,UTA,UTA,No,(9/28),BACTERIA,33UTA (9/28),4GITS06,33UTA (9/28),ITS4R-04-04,TCCACGTT,ITS86F-06-G,CTCGGTAA,4.36,ITS_6,FUNGI,148,154.875,5.565828461,152.5348418,5.899690815,4517,day14-E2-33-UTA,139,147.6666667,6.414279151,143.7494504,5.807980578,2514,day14-E2-33-UTA,11,11,0,11,1.477097892,314,0.124900557,Untreated Control,day14-E2
162,day14-E2-34-UTA,0.00,0.058678101,-0.134727127,-0.113796852,day14-E2-34-UTA,,7B16S02,34UTA (9/28),Frog,E2,day14-E2,R939-1S-07,CTCTCTAC,F515Y-02-B,CCTAGAGT,41.3,16S_02,34-UTA,UTA,UTA,No,(9/28),BACTERIA,34UTA (9/28),7BITS06,34UTA (9/28),ITS4R-04-07,ATAGTCGG,ITS86F-06-B,TCTGGACA,2.3,ITS_6,FUNGI,253,266.5882353,7.680576853,267.4243143,7.640905181,14674,day14-E2-34-UTA,202,279.2142857,31.47966777,235.5717829,7.447280057,2514,day14-E2-34-UTA,12,12.33333333,0.917610307,13.07482993,1.680517773,153,0.060859189,Untreated Control,day14-E2
163,day14-E2-35-UTA,0.00,-0.380588858,-0.011784033,-0.001598999,day14-E2-35-UTA,,5D16S02,35UTA (9/28),Frog,E2,day14-E2,R939-1S-05,GGACTCCT,F515Y-02-D,CTATTAAG,19.2,16S_02,35-UTA,UTA,UTA,No,(9/28),BACTERIA,35UTA (9/28),5DITS06,35UTA (9/28),ITS4R-04-05,AACCAGAG,ITS86F-06-D,CCGATGTA,1.86,ITS_6,FUNGI,142,160.3333333,15.07915938,146.2172626,5.871608722,7508,day14-E2-35-UTA,124,133,5.705295273,134.8903394,5.622569457,2514,day14-E2-35-UTA,9,9,0,9,1.247219129,407,0.161893397,Untreated Control,day14-E2
164,day14-E2-38-UTA,0.00,-0.090395316,-0.217775717,-0.010488753,day14-E2-38-UTA,,5E16S02,38UTA (9/28),Frog,E2,day14-E2,R939-1S-05,GGACTCCT,F515Y-02-E,AAGGCTAT,56,16S_02,38-UTA,UTA,UTA,No,(9/28),BACTERIA,38UTA (9/28),5EITS06,38UTA (9/28),ITS4R-04-05,AACCAGAG,ITS86F-06-E,TAGGAGCT,8.31,ITS_6,FUNGI,366,378.5454545,6.837784768,377.6842716,9.129648615,23242,day14-E2-38-UTA,267,340.15,22.02715057,334.8540686,9.075110286,2514,day14-E2-38-UTA,13,14.5,2.568039639,15.44179457,1.964023432,195,0.077565632,Untreated Control,day14-E2
165,day14-E2-40-UTA,0.00,0.121541872,-0.307910472,-0.080691159,day14-E2-40-UTA,,4E16S02,40UTA (9/28),Frog,E2,day14-E2,R939-1S-04,TCCTGAGC,F515Y-02-E,AAGGCTAT,19,16S_02,40-UTA,UTA,UTA,No,(9/28),BACTERIA,40UTA (9/28),4EITS06,40UTA (9/28),ITS4R-04-04,TCCACGTT,ITS86F-06-E,TAGGAGCT,7.9,ITS_6,FUNGI,156,175.4285714,12.64961082,166.2138277,6.193268277,6334,day14-E2-40-UTA,135,152,10.99358623,143.0770462,5.742640354,2514,day14-E2-40-UTA,13,13,0.480384461,13.33325,1.759536711,377,0.149960223,Untreated Control,day14-E2
166,day14-E2-42-V,26500.00,-0.08135976,0.115172728,-0.007586757,day14-E2-42-V,,12B16S02,42V (9/28),Frog,E2,day14-E2,R939-1S-12,ATCTCAGG,F515Y-02-B,CCTAGAGT,44.2,16S_02,42-V,V,VC+V,Yes,(9/28),BACTERIA,42V (9/28),12BITS06,42V (9/28),ITS4R-04-12,TGGTGAAG,ITS86F-06-B,TCTGGACA,3.71,ITS_6,FUNGI,251,263.75,7.964719906,259.8834176,7.478370256,20247,day14-E2-42-V,190,209.1935484,8.604446904,213.2632289,6.931334885,2514,day14-E2-42-V,12,12,0,12,1.732050808,526,0.209228321,Vaccinated,day14-E2
167,day14-E2-46-V,5840.00,-0.394846905,0.138591852,0.048088251,day14-E2-46-V,,8F16S02,46V (9/28),Frog,E2,day14-E2,R939-1S-08,CGAGGCTG,F515Y-02-F,TTATGCGA,19.5,16S_02,46-V,V,VC+V,Yes,(9/28),BACTERIA,46V (9/28),8FITS06,46V (9/28),ITS4R-04-08,CCATGAAC,ITS86F-06-F,AACAAGGC,7.74,ITS_6,FUNGI,167,175.25,6.361847705,171.4280819,6.383354415,9549,day14-E2-46-V,147,178.0588235,14.31890317,170.2000613,6.214916037,2514,day14-E2-46-V,16,16,0,16,1.936491673,318,0.126491647,Vaccinated,day14-E2
168,day14-E2-47-V,192100.00,0.145047203,0.232765295,-0.124097294,day14-E2-47-V,,9D16S02,47V (9/28),Frog,E2,day14-E2,R939-1S-09,AAGAGGCA,F515Y-02-D,CTATTAAG,26.8,16S_02,47-V,V,VC+V,Yes,(9/28),BACTERIA,47V (9/28),9DITS06,47V (9/28),ITS4R-04-09,GAGCAATC,ITS86F-06-D,CCGATGTA,7.68,ITS_6,FUNGI,145,155.1111111,7.189231426,151.7679511,6.106043209,4446,day14-E2-47-V,137,146.0666667,5.89425316,145.6572148,5.846977203,2514,day14-E2-47-V,6,6,0,6,1.154700538,188,0.074781225,Vaccinated,day14-E2
169,day14-E2-48-V,26780.00,-0.187963603,-0.030306571,-0.041169314,day14-E2-48-V,,10D16S02,48V (9/28),Frog,E2,day14-E2,R939-1S-10,GTAGAGGA,F515Y-02-D,CTATTAAG,56,16S_02,48-V,V,VC+V,Yes,(9/28),BACTERIA,48V (9/28),10DITS06,48V (9/28),ITS4R-04-10,CAACTTGG,ITS86F-06-D,CCGATGTA,4.42,ITS_6,FUNGI,186,203.1428571,11.46792634,192.5735768,6.671581174,6641,day14-E2-48-V,171,180.0357143,5.166833888,182.709883,6.28430946,2514,day14-E2-48-V,14,14,0,14,1.8516402,410,0.163086714,Vaccinated,day14-E2
170,day14-E2-49-V,9449.00,-0.225716783,0.149012266,0.087063298,day14-E2-49-V,,10H16S02,49V (9/28),Frog,E2,day14-E2,R939-1S-10,GTAGAGGA,F515Y-02-H,ATAACGCC,60,16S_02,49-V,V,VC+V,Yes,(9/28),BACTERIA,49V (9/28),10HITS06,49V (9/28),ITS4R-04-10,CAACTTGG,ITS86F-06-H,AGCTTCAG,3.26,ITS_6,FUNGI,241,252.375,8.085380829,247.4397986,7.116762654,18058,day14-E2-49-V,194,229.6521739,14.68382759,219.829325,6.786825561,2514,day14-E2-49-V,13,13,0,13,1.754116039,414,0.164677804,Vaccinated,day14-E2
171,day14-E2-50-V,46.00,-0.206157192,0.115832132,-0.095356652,day14-E2-50-V,,11E16S02,50V (9/28),Frog,E2,day14-E2,R939-1S-11,GCTCATGA,F515Y-02-E,AAGGCTAT,59,16S_02,50-V,V,VC+V,Yes,(9/28),BACTERIA,50V (9/28),11EITS06,50V (9/28),ITS4R-04-11,CCACAACA,ITS86F-06-E,TAGGAGCT,3.63,ITS_6,FUNGI,294,305.3333333,7.299091738,300.416995,8.148112137,24003,day14-E2-50-V,211,246.8378378,13.05156741,256.0449756,7.774602264,2514,day14-E2-50-V,17,20,4.55384453,19.39288865,2.155515887,726,0.288782816,Vaccinated,day14-E2
172,day14-E2-54-V,22.00,-0.324141594,-0.081677039,-0.005621234,day14-E2-54-V,,8G16S02,54V (9/28),Frog,E2,day14-E2,R939-1S-08,CGAGGCTG,F515Y-02-G,AGCCAACT,23.2,16S_02,54-V,V,VC+V,Yes,(9/28),BACTERIA,54V (9/28),8GITS06,54V (9/28),ITS4R-04-08,CCATGAAC,ITS86F-06-G,CTCGGTAA,6.88,ITS_6,FUNGI,141,141.375,0.826414579,141.7470384,5.908760556,5086,day14-E2-54-V,136,136.9130435,1.227402949,138.4799912,5.483719399,2514,day14-E2-54-V,9,9,0,9,1.414213562,363,0.144391408,Vaccinated,day14-E2
173,day14-E2-55-V,2770.00,0.150804095,0.068745776,-0.210528497,day14-E2-55-V,,9E16S02,55V (9/28),Frog,E2,day14-E2,R939-1S-09,AAGAGGCA,F515Y-02-E,AAGGCTAT,58,16S_02,55-V,V,VC+V,Yes,(9/28),BACTERIA,55V (9/28),9EITS06,55V (9/28),ITS4R-04-09,GAGCAATC,ITS86F-06-E,TAGGAGCT,3.68,ITS_6,FUNGI,274,299,13.01493693,289.4576311,8.167679874,25978,day14-E2-55-V,196,224.4473684,10.93401512,230.7701864,7.082234511,2514,day14-E2-55-V,12,12.75,1.415106912,14.2014197,1.735007175,112,0.044550517,Vaccinated,day14-E2
174,day14-E2-56-V,14200.00,0.191827485,0.151954876,-0.221894402,day14-E2-56-V,,10E16S02,56V (9/28),Frog,E2,day14-E2,R939-1S-10,GTAGAGGA,F515Y-02-E,AAGGCTAT,21,16S_02,56-V,V,VC+V,Yes,(9/28),BACTERIA,56V (9/28),10EITS06,56V (9/28),ITS4R-04-10,CAACTTGG,ITS86F-06-E,TAGGAGCT,3.06,ITS_6,FUNGI,179,217.25,25.62153761,188.2549856,6.551386266,5380,day14-E2-56-V,164,171,5.056692678,169.5424723,6.353616454,2514,day14-E2-56-V,9,9,0.471404521,9.3828125,1.417294971,215,0.085521082,Vaccinated,day14-E2
175,day14-E2-57-V,15250.00,-0.085297522,0.10397526,-0.050411845,day14-E2-57-V,,11D16S02,57V (9/28),Frog,E2,day14-E2,R939-1S-11,GCTCATGA,F515Y-02-D,CTATTAAG,21.2,16S_02,57-V,V,VC+V,Yes,(9/28),BACTERIA,57V (9/28),11DITS06,57V (9/28),ITS4R-04-11,CCACAACA,ITS86F-06-D,CCGATGTA,3.37,ITS_6,FUNGI,109,121,10.77032961,112.1407668,5.125903325,2943,day14-E2-57-V,107,112.25,5.372123816,109.2727999,5.086655114,2514,day14-E2-57-V,9,9,0,9,0.942809042,310,0.123309467,Vaccinated,day14-E2
176,day14-E2-58-V,12270.00,-0.174139043,0.207813603,-0.061902237,day14-E2-58-V,,11F16S02,58V (9/28),Frog,E2,day14-E2,R939-1S-11,GCTCATGA,F515Y-02-F,TTATGCGA,58,16S_02,58-V,V,VC+V,Yes,(9/28),BACTERIA,58V (9/28),11FITS06,58V (9/28),ITS4R-04-11,CCACAACA,ITS86F-06-F,AACAAGGC,3.07,ITS_6,FUNGI,209,216.3333333,5.676897567,213.5273444,7.117793388,18272,day14-E2-58-V,156,176.3076923,9.333294798,179.9871325,6.356246131,2514,day14-E2-58-V,15,15.5,1.284994038,15.85583104,1.870454651,237,0.094272076,Vaccinated,day14-E2
177,day14-E2-59-V,3271.00,0.224183972,0.364871187,-0.044709685,day14-E2-59-V,,12D16S02,59V (9/28),Frog,E2,day14-E2,R939-1S-12,ATCTCAGG,F515Y-02-D,CTATTAAG,20.6,16S_02,59-V,V,VC+V,Yes,(9/28),BACTERIA,59V (9/28),12DITS06,59V (9/28),ITS4R-04-12,TGGTGAAG,ITS86F-06-D,CCGATGTA,2.78,ITS_6,FUNGI,176,191,9.981412699,183.6149911,6.556667147,6901,day14-E2-59-V,160,166.6521739,4.348600175,169.1572929,6.305604307,2514,day14-E2-59-V,6,6,0,6,1.154700538,66,0.026252983,Vaccinated,day14-E2
178,day14-E2-60-V,17.00,0.049952914,-0.154857078,-0.273054545,day14-E2-60-V,,1F16S03,60V (9/28),Frog,E2,day14-E2,R939-1S-01,TAAGGCGA,F515Y-03-F,ATGACAGG,29.3,16S_03,60-V,V,VC+V,Yes,(9/28),BACTERIA,60V (9/28),60V (9/28),1FITS15,ITS4R-04-01,AGTATGCC,ITS86F-15-F,ACCAAGCA,0.9777,ITS_15,FUNGI,91,91,0.099449032,91.24018296,4.574696876,3701,day14-E2-60-V,90,90.2,0.621096948,90.40993183,4.701253723,2514,day14-E2-60-V,10,10,0,10,1.549193338,301,0.119729515,Vaccinated,day14-E2
179,day14-E2-62-VC,0.00,-0.419880914,-0.020897809,0.069478501,day14-E2-62-VC,,5A16S02,62VC (9/28),Frog,E2,day14-E2,R939-1S-05,GGACTCCT,F515Y-02-A,TTCTAGCT,3.01,16S_02,62-VC,VC,VC+V,No,(9/28),BACTERIA,62VC (9/28),5AITS06,62VC (9/28),ITS4R-04-05,AACCAGAG,ITS86F-06-A,CATTGACG,0.69,ITS_6,FUNGI,147,157.1111111,7.189252058,154.0291988,6.087217632,7380,day14-E2-62-VC,126,149.2142857,12.04867903,144.3556945,5.841565481,2514,day14-E2-62-VC,11,11,0.238365647,11.30623819,1.607295557,280,0.111376293,Vaccinated,day14-E2
180,day14-E2-64-VC,0.00,-0.247203107,-0.015558724,-0.027324308,day14-E2-64-VC,,5G16S02,64VC (9/28),Frog,E2,day14-E2,R939-1S-05,GGACTCCT,F515Y-02-G,AGCCAACT,57,16S_02,64-VC,VC,VC+V,No,(9/28),BACTERIA,64VC (9/28),5GITS06,64VC (9/28),ITS4R-04-05,AACCAGAG,ITS86F-06-G,CTCGGTAA,2.59,ITS_6,FUNGI,202,227.6666667,14.704,214.6423654,6.869167582,10203,day14-E2-64-VC,169,195.4,12.10878517,191.3346796,6.658032882,2514,day14-E2-64-VC,13,13.5,1.28290036,14.11598566,1.810168028,310,0.123309467,Vaccinated,day14-E2
181,day14-E2-65-VC,0.00,0.006017441,0.127933145,-0.145569211,day14-E2-65-VC,,7D16S02,65VC (9/28),Frog,E2,day14-E2,R939-1S-07,CTCTCTAC,F515Y-02-D,CTATTAAG,17.8,16S_02,65-VC,VC,VC+V,No,(9/28),BACTERIA,65VC (9/28),7DITS06,65VC (9/28),ITS4R-04-07,ATAGTCGG,ITS86F-06-D,CCGATGTA,2.78,ITS_6,FUNGI,119,125.1111111,4.975790584,125.299848,5.348792602,4814,day14-E2-65-VC,114,126.75,7.963874708,126.9371731,5.588620792,2514,day14-E2-65-VC,10,10,0,10,1.549193338,432,0.171837709,Vaccinated,day14-E2
182,day14-E2-67-VC,0.00,-0.051256604,0.090927083,-0.075509243,day14-E2-67-VC,,7E16S02,67VC (9/28),Frog,E2,day14-E2,R939-1S-07,CTCTCTAC,F515Y-02-E,AAGGCTAT,54,16S_02,67-VC,VC,VC+V,No,(9/28),BACTERIA,67VC (9/28),7EITS06,67VC (9/28),ITS4R-04-07,ATAGTCGG,ITS86F-06-E,TAGGAGCT,3.43,ITS_6,FUNGI,260,283.3333333,13.63852815,268.8178915,7.862650573,24644,day14-E2-67-VC,186,249.84,22.614587,238.1549251,7.524623257,2514,day14-E2-67-VC,10,10,0,10,1.58113883,1001,0.398170247,Vaccinated,day14-E2
183,day14-E2-71-VC,0.00,0.136202076,-0.203706044,-0.128530178,day14-E2-71-VC,,4H16S02,71VC (9/28),Frog,E2,day14-E2,R939-1S-04,TCCTGAGC,F515Y-02-H,ATAACGCC,15.7,16S_02,71-VC,VC,VC+V,No,(9/28),BACTERIA,71VC (9/28),4HITS06,71VC (9/28),ITS4R-04-04,TCCACGTT,ITS86F-06-H,AGCTTCAG,10.7,ITS_6,FUNGI,181,219.5,22.94654848,192.1503218,6.749177774,5068,day14-E2-71-VC,165,176.4,6.955322104,172.8408784,6.288307082,2514,day14-E2-71-VC,11,11,0,11,1.651445648,376,0.14956245,Vaccinated,day14-E2
184,day14-E2-72-V,7634.00,0.035981716,0.135637697,-0.272495663,day14-E2-72-V,,1E16S03,72V (9/28),Frog,E2,day14-E2,R939-1S-01,TAAGGCGA,F515Y-03-E,TTCGTACG,32.9,16S_03,72-V,V,VC+V,Yes,(9/28),BACTERIA,72V (9/28),72V (9/28),1EITS15,ITS4R-04-01,AGTATGCC,ITS86F-15-E,GCTCAGTT,0.845,ITS_15,FUNGI,64,67,4.172135714,65.574,3.88321718,3824,day14-E2-72-V,59,59,0.099148921,59.24869086,3.831373388,2514,day14-E2-72-V,8,8,0,8,0.935414347,1264,0.502784407,Vaccinated,day14-E2
